sourceTaxonId	sourceTaxonName	interactionTypeId	interactionTypeName	targetTaxonId	targetTaxonName	localityId	localityName	decimalLatitude	decimalLongitude	observationDateTime	referenceDoi	referenceCitation
EOL:13650	Acacia	RO:0002453	host of	EOL:2683280	Cogia caicus	GEONAMES:6255149	North America					Scott, J.A. 1986.  The Butterflies of North America.  Stanford University Press, Stanford, CA
EOL:4420	Acanthacae	RO:0002453	host of	EOL:156910	Chlosyne janais	GEONAMES:6255149	North America					Scott, J.A. 1986.  The Butterflies of North America.  Stanford University Press, Stanford, CA
EOL:4420	Acanthaceae	RO:0002453	host of	EOL:152546	Phyciodes tulcis	GEONAMES:6255149	North America					Scott, J.A. 1986.  The Butterflies of North America.  Stanford University Press, Stanford, CA
EOL:4420	Acanthaceae	RO:0002453	host of	EOL:152983	Anartia jatrophae	GEONAMES:6255149	North America					Scott, J.A. 1986.  The Butterflies of North America.  Stanford University Press, Stanford, CA
EOL:4420	Acanthaceae	RO:0002453	host of	EOL:157882	Phyciodes frisia	GEONAMES:6255149	North America					Scott, J.A. 1986.  The Butterflies of North America.  Stanford University Press, Stanford, CA
EOL:4420	Acanthaceae	RO:0002453	host of	EOL:158309	Dymasia dymas	GEONAMES:6255149	North America					Scott, J.A. 1986.  The Butterflies of North America.  Stanford University Press, Stanford, CA
EOL:4420	Acanthaceae	RO:0002453	host of	EOL:160325	Anartia fatima	GEONAMES:6255149	North America					Scott, J.A. 1986.  The Butterflies of North America.  Stanford University Press, Stanford, CA
EOL:4420	Acanthaceae	RO:0002453	host of	EOL:163027	Junonia coenia	GEONAMES:6255149	North America					Scott, J.A. 1986.  The Butterflies of North America.  Stanford University Press, Stanford, CA
EOL:4420	Acanthaceae	RO:0002453	host of	EOL:4068082	Siproeta stelenes	GEONAMES:6255149	North America					Scott, J.A. 1986.  The Butterflies of North America.  Stanford University Press, Stanford, CA
EOL:4420	Acanthaceae	RO:0002453	host of	EOL:4073569	Phyciodes texana	GEONAMES:6255149	North America					Scott, J.A. 1986.  The Butterflies of North America.  Stanford University Press, Stanford, CA
EOL:4415	Aceraceae	RO:0002453	host of	EOL:163165	Nymphalis antiopa	GEONAMES:6255149	North America					Scott, J.A. 1986.  The Butterflies of North America.  Stanford University Press, Stanford, CA
EOL:68878	Acoelorrhaphe	RO:0002453	host of	EOL:181649	Asbolis capucinus	GEONAMES:6255149	North America					Scott, J.A. 1986.  The Butterflies of North America.  Stanford University Press, Stanford, CA
EOL:4174	Agavaceae	RO:0002453	host of	EOL:182999	Megathymus yuccae	GEONAMES:6255149	North America					Scott, J.A. 1986.  The Butterflies of North America.  Stanford University Press, Stanford, CA
EOL:108068	Agropygon	RO:0002453	host of	EOL:183698	Ochlodes sylvanoides	GEONAMES:6255149	North America					Scott, J.A. 1986.  The Butterflies of North America.  Stanford University Press, Stanford, CA
EOL:108068	Agropyon	RO:0002453	host of	EOL:184076	Poanes taxiles	GEONAMES:6255149	North America					Scott, J.A. 1986.  The Butterflies of North America.  Stanford University Press, Stanford, CA
EOL:108068	Agropyon	RO:0002453	host of	EOL:218565	Poanes zabulon	GEONAMES:6255149	North America					Scott, J.A. 1986.  The Butterflies of North America.  Stanford University Press, Stanford, CA
EOL:29923	Agrostis	RO:0002453	host of	EOL:184076	Poanes taxiles	GEONAMES:6255149	North America					Scott, J.A. 1986.  The Butterflies of North America.  Stanford University Press, Stanford, CA
EOL:29923	Agrostis	RO:0002453	host of	EOL:218565	Poanes zabulon	GEONAMES:6255149	North America					Scott, J.A. 1986.  The Butterflies of North America.  Stanford University Press, Stanford, CA
EOL:108015	Andropogon	RO:0002453	host of	EOL:177289	Problema byssus	GEONAMES:6255149	North America					Scott, J.A. 1986.  The Butterflies of North America.  Stanford University Press, Stanford, CA
EOL:108015	Andropogon	RO:0002453	host of	EOL:179142	Atrytone arogos	GEONAMES:6255149	North America					Scott, J.A. 1986.  The Butterflies of North America.  Stanford University Press, Stanford, CA
EOL:108015	Andropogon	RO:0002453	host of	EOL:179152	Atrytonopsis hianna	GEONAMES:6255149	North America					Scott, J.A. 1986.  The Butterflies of North America.  Stanford University Press, Stanford, CA
EOL:108015	Andropogon	RO:0002453	host of	EOL:184691	Hesperia metea	GEONAMES:6255149	North America					Scott, J.A. 1986.  The Butterflies of North America.  Stanford University Press, Stanford, CA
EOL:108015	Andropogon	RO:0002453	host of	EOL:185381	Nastra lherminier	GEONAMES:6255149	North America					Scott, J.A. 1986.  The Butterflies of North America.  Stanford University Press, Stanford, CA
EOL:108015	Andropogon	RO:0002453	host of	EOL:185691	Hesperia dacotae	GEONAMES:6255149	North America					Scott, J.A. 1986.  The Butterflies of North America.  Stanford University Press, Stanford, CA
EOL:37985	Annona	RO:0002453	host of	EOL:4094633	Eurytides philolaus	GEONAMES:6255149	North America					Scott, J.A. 1986.  The Butterflies of North America.  Stanford University Press, Stanford, CA
EOL:37461	Aquilegia	RO:0002453	host of	EOL:179506	Erynnis lucilius	GEONAMES:6255149	North America					Scott, J.A. 1986.  The Butterflies of North America.  Stanford University Press, Stanford, CA
EOL:52831	Aristolochia	RO:0002453	host of	EOL:130497	Battus polydamas	GEONAMES:6255149	North America					Scott, J.A. 1986.  The Butterflies of North America.  Stanford University Press, Stanford, CA
EOL:52831	Aristolochia	RO:0002453	host of	EOL:130502	Battus philenor	GEONAMES:6255149	North America					Scott, J.A. 1986.  The Butterflies of North America.  Stanford University Press, Stanford, CA
EOL:30604	Aruncus	RO:0002453	host of	EOL:260274	Celastrina nigra	GEONAMES:6255149	North America					Scott, J.A. 1986.  The Butterflies of North America.  Stanford University Press, Stanford, CA
EOL:108022	Arundinaria	RO:0002453	host of	EOL:218563	Poanes yehl	GEONAMES:6255149	North America					Scott, J.A. 1986.  The Butterflies of North America.  Stanford University Press, Stanford, CA
EOL:108022	Arundinaria	RO:0002453	host of	EOL:2682983	Amblyscirtes aesculapius	GEONAMES:6255149	North America					Scott, J.A. 1986.  The Butterflies of North America.  Stanford University Press, Stanford, CA
EOL:108022	Arundinaria	RO:0002453	host of	EOL:2682986	Amblyscirtes carolina	GEONAMES:6255149	North America					Scott, J.A. 1986.  The Butterflies of North America.  Stanford University Press, Stanford, CA
EOL:108022	Arundinaria	RO:0002453	host of	EOL:2683003	Amblyscirtes reversa	GEONAMES:6255149	North America					Scott, J.A. 1986.  The Butterflies of North America.  Stanford University Press, Stanford, CA
EOL:108022	Arundinaria	RO:0002453	host of	EOL:958010	Enodia creola	GEONAMES:6255149	North America					Scott, J.A. 1986.  The Butterflies of North America.  Stanford University Press, Stanford, CA
EOL:108022	Arundinaria	RO:0002453	host of	EOL:958011	Enodia portlandia	GEONAMES:6255149	North America					Scott, J.A. 1986.  The Butterflies of North America.  Stanford University Press, Stanford, CA
EOL:4280	Asclepiadaceae	RO:0002453	host of	EOL:2682739	Danaus plexippus	GEONAMES:6255149	North America					Scott, J.A. 1986.  The Butterflies of North America.  Stanford University Press, Stanford, CA
EOL:4280	Asclepiadaceae	RO:0002453	host of	EOL:2922728	Danaus gilippus	GEONAMES:6255149	North America					Scott, J.A. 1986.  The Butterflies of North America.  Stanford University Press, Stanford, CA
EOL:4280	Asclepiadaceae	RO:0002453	host of	EOL:4090129	Danaus eresimus	GEONAMES:6255149	North America					Scott, J.A. 1986.  The Butterflies of North America.  Stanford University Press, Stanford, CA
EOL:37988	Asimina	RO:0002453	host of	EOL:2923310	Eurytides marcellus	GEONAMES:6255149	North America					Scott, J.A. 1986.  The Butterflies of North America.  Stanford University Press, Stanford, CA
EOL:37633	Aster	RO:0002453	host of	EOL:156163	Chlosyne hoffmanni	GEONAMES:6255149	North America					Scott, J.A. 1986.  The Butterflies of North America.  Stanford University Press, Stanford, CA
EOL:37633	Aster	RO:0002453	host of	EOL:159817	Phyciodes selenis	GEONAMES:6255149	North America					Scott, J.A. 1986.  The Butterflies of North America.  Stanford University Press, Stanford, CA
EOL:37633	Aster	RO:0002453	host of	EOL:159873	Phyciodes tharos	GEONAMES:6255149	North America					Scott, J.A. 1986.  The Butterflies of North America.  Stanford University Press, Stanford, CA
EOL:37633	Aster	RO:0002453	host of	EOL:160294	Phyciodes batesii	GEONAMES:6255149	North America					Scott, J.A. 1986.  The Butterflies of North America.  Stanford University Press, Stanford, CA
EOL:37674	Atriplex	RO:0002453	host of	EOL:178049	Hesperopsis alpheus	GEONAMES:6255149	North America					Scott, J.A. 1986.  The Butterflies of North America.  Stanford University Press, Stanford, CA
EOL:37674	Atriplex	RO:0002453	host of	EOL:2683347	Hesperopsis libya	GEONAMES:6255149	North America					Scott, J.A. 1986.  The Butterflies of North America.  Stanford University Press, Stanford, CA
EOL:108055	Axonopus	RO:0002453	host of	EOL:182773	Panoquina sylvicola	GEONAMES:6255149	North America					Scott, J.A. 1986.  The Butterflies of North America.  Stanford University Press, Stanford, CA
EOL:4284	Balsaminaceae	RO:0002453	host of	EOL:2682819	Vanessa virginiensis	GEONAMES:6255149	North America					Scott, J.A. 1986.  The Butterflies of North America.  Stanford University Press, Stanford, CA
EOL:37711	Bebbia	RO:0002453	host of	EOL:4105567	Calephelis wrighti	GEONAMES:6255149	North America					Scott, J.A. 1986.  The Butterflies of North America.  Stanford University Press, Stanford, CA
EOL:11611	Bernardia	RO:0002453	host of	EOL:261684	Strymon alea	GEONAMES:6255149	North America					Scott, J.A. 1986.  The Butterflies of North America.  Stanford University Press, Stanford, CA
EOL:5528	Betulaceae	RO:0002453	host of	EOL:159832	Limenitis archippus	GEONAMES:6255149	North America					Scott, J.A. 1986.  The Butterflies of North America.  Stanford University Press, Stanford, CA
EOL:5528	Betulaceae	RO:0002453	host of	EOL:163165	Nymphalis antiopa	GEONAMES:6255149	North America					Scott, J.A. 1986.  The Butterflies of North America.  Stanford University Press, Stanford, CA
EOL:5528	Betulaceae	RO:0002453	host of	EOL:264026	Erora laeta	GEONAMES:6255149	North America					Scott, J.A. 1986.  The Butterflies of North America.  Stanford University Press, Stanford, CA
EOL:5528	Betulaceae	RO:0002453	host of	EOL:2682812	Nymphalis vaualbum	GEONAMES:6255149	North America					Scott, J.A. 1986.  The Butterflies of North America.  Stanford University Press, Stanford, CA
EOL:5528	Betulaceae	RO:0002453	host of	EOL:4066460	Limenitis arthemis astyanax	GEONAMES:6255149	North America					Scott, J.A. 1986.  The Butterflies of North America.  Stanford University Press, Stanford, CA
EOL:5528	Betulaceae	RO:0002453	host of	EOL:4066461	Limenitis arthemis arthemis	GEONAMES:6255149	North America					Scott, J.A. 1986.  The Butterflies of North America.  Stanford University Press, Stanford, CA
EOL:108116	Blepharoneuron	RO:0002453	host of	EOL:2683084	Paratrytone snowi	GEONAMES:6255149	North America					Scott, J.A. 1986.  The Butterflies of North America.  Stanford University Press, Stanford, CA
EOL:4301	Boraginaceae	RO:0002453	host of	EOL:2682819	Vanessa virginiensis	GEONAMES:6255149	North America					Scott, J.A. 1986.  The Butterflies of North America.  Stanford University Press, Stanford, CA
EOL:108118	Bouteloua	RO:0002453	host of	EOL:146866	Neominois ridingsii	GEONAMES:6255149	North America					Scott, J.A. 1986.  The Butterflies of North America.  Stanford University Press, Stanford, CA
EOL:108118	Bouteloua	RO:0002453	host of	EOL:2682954	Polites rhesus	GEONAMES:6255149	North America					Scott, J.A. 1986.  The Butterflies of North America.  Stanford University Press, Stanford, CA
EOL:108118	Bouteloua	RO:0002453	host of	EOL:2683004	Amblyscirtes simius	GEONAMES:6255149	North America					Scott, J.A. 1986.  The Butterflies of North America.  Stanford University Press, Stanford, CA
EOL:108032	Brachyelytrum	RO:0002453	host of	EOL:958013	Enodia anthedon	GEONAMES:6255149	North America					Scott, J.A. 1986.  The Butterflies of North America.  Stanford University Press, Stanford, CA
EOL:108079	Bromus	RO:0002453	host of	EOL:2683098	Poanes melane	GEONAMES:6255149	North America					Scott, J.A. 1986.  The Butterflies of North America.  Stanford University Press, Stanford, CA
EOL:8202	Cannaceae	RO:0002453	host of	EOL:182346	Calpodes ethlius	GEONAMES:6255149	North America					Scott, J.A. 1986.  The Butterflies of North America.  Stanford University Press, Stanford, CA
EOL:4220	Capparidaceae	RO:0002453	host of	EOL:2918245	Appias drusilla	GEONAMES:6255149	North America					Scott, J.A. 1986.  The Butterflies of North America.  Stanford University Press, Stanford, CA
EOL:4220	Capparidaceae	RO:0002453	host of	EOL:4103152	Ganyra josephina	GEONAMES:6255149	North America					Scott, J.A. 1986.  The Butterflies of North America.  Stanford University Press, Stanford, CA
EOL:29129	Carex	RO:0002453	host of	EOL:135291	Erebia mancinus	GEONAMES:6255149	North America					Scott, J.A. 1986.  The Butterflies of North America.  Stanford University Press, Stanford, CA
EOL:29129	Carex	RO:0002453	host of	EOL:137607	Erebia rossii	GEONAMES:6255149	North America					Scott, J.A. 1986.  The Butterflies of North America.  Stanford University Press, Stanford, CA
EOL:29129	Carex	RO:0002453	host of	EOL:178520	Euphyes bimacula	GEONAMES:6255149	North America					Scott, J.A. 1986.  The Butterflies of North America.  Stanford University Press, Stanford, CA
EOL:29129	Carex	RO:0002453	host of	EOL:179581	Euphyes conspicua	GEONAMES:6255149	North America					Scott, J.A. 1986.  The Butterflies of North America.  Stanford University Press, Stanford, CA
EOL:29129	Carex	RO:0002453	host of	EOL:182781	Euphyes vestris	GEONAMES:6255149	North America					Scott, J.A. 1986.  The Butterflies of North America.  Stanford University Press, Stanford, CA
EOL:29129	Carex	RO:0002453	host of	EOL:185133	Euphyes dukesi	GEONAMES:6255149	North America					Scott, J.A. 1986.  The Butterflies of North America.  Stanford University Press, Stanford, CA
EOL:29129	Carex	RO:0002453	host of	EOL:218487	Poanes massasoit	GEONAMES:6255149	North America					Scott, J.A. 1986.  The Butterflies of North America.  Stanford University Press, Stanford, CA
EOL:29129	Carex 	RO:0002453	host of	EOL:138593	Oeneis melissa	GEONAMES:6255149	North America					Scott, J.A. 1986.  The Butterflies of North America.  Stanford University Press, Stanford, CA
EOL:29129	Carex 	RO:0002453	host of	EOL:959183	Oeneis taygete	GEONAMES:6255149	North America					Scott, J.A. 1986.  The Butterflies of North America.  Stanford University Press, Stanford, CA
EOL:37772	Ceanothus	RO:0002453	host of	EOL:157374	Chlosyne californica	GEONAMES:6255149	North America					Scott, J.A. 1986.  The Butterflies of North America.  Stanford University Press, Stanford, CA
EOL:37772	Ceanothus	RO:0002453	host of	EOL:163693	Nymphalis californica	GEONAMES:6255149	North America					Scott, J.A. 1986.  The Butterflies of North America.  Stanford University Press, Stanford, CA
EOL:37772	Ceanothus	RO:0002453	host of	EOL:184847	Erynnis martialis	GEONAMES:6255149	North America					Scott, J.A. 1986.  The Butterflies of North America.  Stanford University Press, Stanford, CA
EOL:37772	Ceanothus	RO:0002453	host of	EOL:184967	Erynnis pacuvius	GEONAMES:6255149	North America					Scott, J.A. 1986.  The Butterflies of North America.  Stanford University Press, Stanford, CA
EOL:37772	Ceanothus	RO:0002453	host of	EOL:4051059	Satyrium saepium	GEONAMES:6255149	North America					Scott, J.A. 1986.  The Butterflies of North America.  Stanford University Press, Stanford, CA
EOL:72119	Celtis	RO:0002453	host of	EOL:149996	Libytheana carinenta	GEONAMES:6255149	North America					Scott, J.A. 1986.  The Butterflies of North America.  Stanford University Press, Stanford, CA
EOL:29919	Cercocarpus	RO:0002453	host of	EOL:4051050	Satyrium tetra	GEONAMES:6255149	North America					Scott, J.A. 1986.  The Butterflies of North America.  Stanford University Press, Stanford, CA
EOL:34226	Chamaecyparis	RO:0002453	host of	EOL:4051701	Callophrys hesseli	GEONAMES:6255149	North America					Scott, J.A. 1986.  The Butterflies of North America.  Stanford University Press, Stanford, CA
EOL:4226	Chenopodiaceae	RO:0002453	host of	EOL:264893	Brephidium isophthalma	GEONAMES:6255149	North America					Scott, J.A. 1986.  The Butterflies of North America.  Stanford University Press, Stanford, CA
EOL:4226	Chenopodiaceae	RO:0002453	host of	EOL:266746	Brephidium exile	GEONAMES:6255149	North America					Scott, J.A. 1986.  The Butterflies of North America.  Stanford University Press, Stanford, CA
EOL:4226	Chenopodiaceae	RO:0002453	host of	EOL:271299	Plebejus emigdionis	GEONAMES:6255149	North America					Scott, J.A. 1986.  The Butterflies of North America.  Stanford University Press, Stanford, CA
EOL:38277	Cirscium	RO:0002453	host of	EOL:157130	Phyciodes orseis	GEONAMES:6255149	North America					Scott, J.A. 1986.  The Butterflies of North America.  Stanford University Press, Stanford, CA
EOL:38277	Cirscium	RO:0002453	host of	EOL:159286	Phyciodes pallida	GEONAMES:6255149	North America					Scott, J.A. 1986.  The Butterflies of North America.  Stanford University Press, Stanford, CA
EOL:38277	Cirsium	RO:0002453	host of	EOL:253315	Calephelis virginiensis	GEONAMES:6255149	North America					Scott, J.A. 1986.  The Butterflies of North America.  Stanford University Press, Stanford, CA
EOL:38277	Cirsium	RO:0002453	host of	EOL:4105562	Calephelis mutica	GEONAMES:6255149	North America					Scott, J.A. 1986.  The Butterflies of North America.  Stanford University Press, Stanford, CA
EOL:61101	Citrus	RO:0002453	host of	EOL:130925	Papilio xuthus	GEONAMES:6255149	North America					Scott, J.A. 1986.  The Butterflies of North America.  Stanford University Press, Stanford, CA
EOL:29200	Cladium	RO:0002453	host of	EOL:182711	Euphyes pilatka	GEONAMES:6255149	North America					Scott, J.A. 1986.  The Butterflies of North America.  Stanford University Press, Stanford, CA
EOL:29153	Cocos	RO:0002453	host of	EOL:181649	Asbolis capucinus	GEONAMES:6255149	North America					Scott, J.A. 1986.  The Butterflies of North America.  Stanford University Press, Stanford, CA
EOL:4206	Compositae	RO:0002453	host of	EOL:154637	Chlosyne gabbii	GEONAMES:6255149	North America					Scott, J.A. 1986.  The Butterflies of North America.  Stanford University Press, Stanford, CA
EOL:4206	Compositae	RO:0002453	host of	EOL:155169	Chlosyne gorgone	GEONAMES:6255149	North America					Scott, J.A. 1986.  The Butterflies of North America.  Stanford University Press, Stanford, CA
EOL:4206	Compositae	RO:0002453	host of	EOL:155176	Chlosyne harrisii	GEONAMES:6255149	North America					Scott, J.A. 1986.  The Butterflies of North America.  Stanford University Press, Stanford, CA
EOL:4206	Compositae	RO:0002453	host of	EOL:156096	Vanessa cardui	GEONAMES:6255149	North America					Scott, J.A. 1986.  The Butterflies of North America.  Stanford University Press, Stanford, CA
EOL:4206	Compositae	RO:0002453	host of	EOL:156114	Chlosyne acastus	GEONAMES:6255149	North America					Scott, J.A. 1986.  The Butterflies of North America.  Stanford University Press, Stanford, CA
EOL:4206	Compositae	RO:0002453	host of	EOL:156684	Chlosyne palla	GEONAMES:6255149	North America					Scott, J.A. 1986.  The Butterflies of North America.  Stanford University Press, Stanford, CA
EOL:4206	Compositae	RO:0002453	host of	EOL:156693	Chlosyne nycteis	GEONAMES:6255149	North America					Scott, J.A. 1986.  The Butterflies of North America.  Stanford University Press, Stanford, CA
EOL:4206	Compositae	RO:0002453	host of	EOL:157379	Chlosyne lacinia	GEONAMES:6255149	North America					Scott, J.A. 1986.  The Butterflies of North America.  Stanford University Press, Stanford, CA
EOL:4206	Compositae	RO:0002453	host of	EOL:160297	Phyciodes campestris	GEONAMES:6255149	North America					Scott, J.A. 1986.  The Butterflies of North America.  Stanford University Press, Stanford, CA
EOL:4206	Compositae	RO:0002453	host of	EOL:2682819	Vanessa virginiensis	GEONAMES:6255149	North America					Scott, J.A. 1986.  The Butterflies of North America.  Stanford University Press, Stanford, CA
EOL:4206	Compositae	RO:0002453	host of	EOL:4070625	Phyciodes mylitta	GEONAMES:6255149	North America					Scott, J.A. 1986.  The Butterflies of North America.  Stanford University Press, Stanford, CA
EOL:4431	Convolvulaceae	RO:0002453	host of	EOL:159866	Phyciodes picta	GEONAMES:6255149	North America					Scott, J.A. 1986.  The Butterflies of North America.  Stanford University Press, Stanford, CA
EOL:4431	Convolvulaceae	RO:0002453	host of	EOL:255632	Nisoniades rubescens	GEONAMES:6255149	North America					Scott, J.A. 1986.  The Butterflies of North America.  Stanford University Press, Stanford, CA
EOL:4247	Cornaceae	RO:0002453	host of	EOL:163027	Junonia coenia	GEONAMES:6255149	North America					Scott, J.A. 1986.  The Butterflies of North America.  Stanford University Press, Stanford, CA
EOL:81928	Cowania	RO:0002453	host of	EOL:263772	Callophrys fotis	GEONAMES:6255149	North America					Scott, J.A. 1986.  The Butterflies of North America.  Stanford University Press, Stanford, CA
EOL:4388	Crassulaceae	RO:0002453	host of	EOL:264421	Callophrys xami	GEONAMES:6255149	North America					Scott, J.A. 1986.  The Butterflies of North America.  Stanford University Press, Stanford, CA
EOL:4388	Crassulaceae	RO:0002453	host of	EOL:2682674	Callophrys mossii	GEONAMES:6255149	North America					Scott, J.A. 1986.  The Butterflies of North America.  Stanford University Press, Stanford, CA
EOL:4219	Cruciferae	RO:0002453	host of	EOL:171332	Anthocharis sara	GEONAMES:6255149	North America					Scott, J.A. 1986.  The Butterflies of North America.  Stanford University Press, Stanford, CA
EOL:4219	Cruciferae	RO:0002453	host of	EOL:173080	Anthocharis lanceolata	GEONAMES:6255149	North America					Scott, J.A. 1986.  The Butterflies of North America.  Stanford University Press, Stanford, CA
EOL:4219	Cruciferae	RO:0002453	host of	EOL:173084	Anthocharis midea	GEONAMES:6255149	North America					Scott, J.A. 1986.  The Butterflies of North America.  Stanford University Press, Stanford, CA
EOL:4219	Cruciferae	RO:0002453	host of	EOL:174202	Euchloe ausonides	GEONAMES:6255149	North America					Scott, J.A. 1986.  The Butterflies of North America.  Stanford University Press, Stanford, CA
EOL:4219	Cruciferae	RO:0002453	host of	EOL:177067	Euchloe hyantis	GEONAMES:6255149	North America					Scott, J.A. 1986.  The Butterflies of North America.  Stanford University Press, Stanford, CA
EOL:4219	Cruciferae	RO:0002453	host of	EOL:177073	Euchloe olympia	GEONAMES:6255149	North America					Scott, J.A. 1986.  The Butterflies of North America.  Stanford University Press, Stanford, CA
EOL:4219	Cruciferae	RO:0002453	host of	EOL:180636	Pieris napi	GEONAMES:6255149	North America					Scott, J.A. 1986.  The Butterflies of North America.  Stanford University Press, Stanford, CA
EOL:4219	Cruciferae	RO:0002453	host of	EOL:4095553	Pontia protodice	GEONAMES:6255149	North America					Scott, J.A. 1986.  The Butterflies of North America.  Stanford University Press, Stanford, CA
EOL:4219	Cruciferae	RO:0002453	host of	EOL:4095554	Pontia occidentalis	GEONAMES:6255149	North America					Scott, J.A. 1986.  The Butterflies of North America.  Stanford University Press, Stanford, CA
EOL:4219	Cruciferae	RO:0002453	host of	EOL:4095555	Pontia beckerii	GEONAMES:6255149	North America					Scott, J.A. 1986.  The Butterflies of North America.  Stanford University Press, Stanford, CA
EOL:4219	Cruciferae	RO:0002453	host of	EOL:4095556	Pontia sisymbrii	GEONAMES:6255149	North America					Scott, J.A. 1986.  The Butterflies of North America.  Stanford University Press, Stanford, CA
EOL:4065	Cupressaceae	RO:0002453	host of	EOL:4051700	Callophrys gryneus	GEONAMES:6255149	North America					Scott, J.A. 1986.  The Butterflies of North America.  Stanford University Press, Stanford, CA
EOL:24400	Cynodon	RO:0002453	host of	EOL:182765	Panoquina panoquinoides	GEONAMES:6255149	North America					Scott, J.A. 1986.  The Butterflies of North America.  Stanford University Press, Stanford, CA
EOL:24400	Cynodon	RO:0002453	host of	EOL:183508	Lerodea eufala	GEONAMES:6255149	North America					Scott, J.A. 1986.  The Butterflies of North America.  Stanford University Press, Stanford, CA
EOL:24400	Cynodon	RO:0002453	host of	EOL:183584	Copaeodes minimus	GEONAMES:6255149	North America					Scott, J.A. 1986.  The Butterflies of North America.  Stanford University Press, Stanford, CA
EOL:24400	Cynodon	RO:0002453	host of	EOL:183698	Ochlodes sylvanoides	GEONAMES:6255149	North America					Scott, J.A. 1986.  The Butterflies of North America.  Stanford University Press, Stanford, CA
EOL:24400	Cynodon	RO:0002453	host of	EOL:184675	Nastra julia	GEONAMES:6255149	North America					Scott, J.A. 1986.  The Butterflies of North America.  Stanford University Press, Stanford, CA
EOL:24400	Cynodon	RO:0002453	host of	EOL:186765	Polites sabuleti	GEONAMES:6255149	North America					Scott, J.A. 1986.  The Butterflies of North America.  Stanford University Press, Stanford, CA
EOL:24400	Cynodon	RO:0002453	host of	EOL:2682857	Panoquina errans	GEONAMES:6255149	North America					Scott, J.A. 1986.  The Butterflies of North America.  Stanford University Press, Stanford, CA
EOL:24400	Cynodon	RO:0002453	host of	EOL:2683098	Poanes melane	GEONAMES:6255149	North America					Scott, J.A. 1986.  The Butterflies of North America.  Stanford University Press, Stanford, CA
EOL:8211	Cyperaceae	RO:0002453	host of	EOL:10382077	Neonympha areolata	GEONAMES:6255149	North America					Scott, J.A. 1986.  The Butterflies of North America.  Stanford University Press, Stanford, CA
EOL:8211	Cyperaceae	RO:0002453	host of	EOL:136574	Oeneis jutta	GEONAMES:6255149	North America					Scott, J.A. 1986.  The Butterflies of North America.  Stanford University Press, Stanford, CA
EOL:8211	Cyperaceae	RO:0002453	host of	EOL:185130	Euphyes dion	GEONAMES:6255149	North America					Scott, J.A. 1986.  The Butterflies of North America.  Stanford University Press, Stanford, CA
EOL:8211	Cyperaceae	RO:0002453	host of	EOL:218560	Poanes viator	GEONAMES:6255149	North America					Scott, J.A. 1986.  The Butterflies of North America.  Stanford University Press, Stanford, CA
EOL:8211	Cyperaceae	RO:0002453	host of	EOL:2682839	Neonympha mitchellii	GEONAMES:6255149	North America					Scott, J.A. 1986.  The Butterflies of North America.  Stanford University Press, Stanford, CA
EOL:8211	Cyperaceae	RO:0002453	host of	EOL:2683164	Oarisma poweshiek	GEONAMES:6255149	North America					Scott, J.A. 1986.  The Butterflies of North America.  Stanford University Press, Stanford, CA
EOL:8211	Cyperaceae	RO:0002453	host of	EOL:4127759	Satyrodes eurydice	GEONAMES:6255149	North America					Scott, J.A. 1986.  The Butterflies of North America.  Stanford University Press, Stanford, CA
EOL:8211	Cyperaceae	RO:0002453	host of	EOL:959181	Oeneis polixenes	GEONAMES:6255149	North America					Scott, J.A. 1986.  The Butterflies of North America.  Stanford University Press, Stanford, CA
EOL:8211	Cyperaceae	RO:0002453	host of	EOL:965948	Satyrodes appalachia	GEONAMES:6255149	North America					Scott, J.A. 1986.  The Butterflies of North America.  Stanford University Press, Stanford, CA
EOL:108058	Dactylis	RO:0002453	host of	EOL:184076	Poanes taxiles	GEONAMES:6255149	North America					Scott, J.A. 1986.  The Butterflies of North America.  Stanford University Press, Stanford, CA
EOL:108058	Dactylis	RO:0002453	host of	EOL:218565	Poanes zabulon	GEONAMES:6255149	North America					Scott, J.A. 1986.  The Butterflies of North America.  Stanford University Press, Stanford, CA
EOL:29889	Dalechampia	RO:0002453	host of	EOL:162223	Myscelia ethusa	GEONAMES:6255149	North America					Scott, J.A. 1986.  The Butterflies of North America.  Stanford University Press, Stanford, CA
EOL:29889	Dalechampia	RO:0002453	host of	EOL:165133	Hamadryas guatemalena	GEONAMES:6255149	North America					Scott, J.A. 1986.  The Butterflies of North America.  Stanford University Press, Stanford, CA
EOL:29889	Dalechampia	RO:0002453	host of	EOL:166283	Hamadryas amphinome	GEONAMES:6255149	North America					Scott, J.A. 1986.  The Butterflies of North America.  Stanford University Press, Stanford, CA
EOL:108056	Danthonia	RO:0002453	host of	EOL:184705	Hesperia lindseyi	GEONAMES:6255149	North America					Scott, J.A. 1986.  The Butterflies of North America.  Stanford University Press, Stanford, CA
EOL:108083	Deschampsia	RO:0002453	host of	EOL:2683098	Poanes melane	GEONAMES:6255149	North America					Scott, J.A. 1986.  The Butterflies of North America.  Stanford University Press, Stanford, CA
EOL:44444956	Dicentra	RO:0002453	host of	EOL:131934	Parnassius clodius	GEONAMES:6255149	North America					Scott, J.A. 1986.  The Butterflies of North America.  Stanford University Press, Stanford, CA
EOL:51322	Dicliptera	RO:0002453	host of	EOL:159715	Chlosyne rosita	GEONAMES:6255149	North America					Scott, J.A. 1986.  The Butterflies of North America.  Stanford University Press, Stanford, CA
EOL:72159	Digitaria	RO:0002453	host of	EOL:184706	Hesperia sassacus	GEONAMES:6255149	North America					Scott, J.A. 1986.  The Butterflies of North America.  Stanford University Press, Stanford, CA
EOL:72159	Digitaria	RO:0002453	host of	EOL:186173	Polites themistocles	GEONAMES:6255149	North America					Scott, J.A. 1986.  The Butterflies of North America.  Stanford University Press, Stanford, CA
EOL:108062	Distichlis	RO:0002453	host of	EOL:182765	Panoquina panoquinoides	GEONAMES:6255149	North America					Scott, J.A. 1986.  The Butterflies of North America.  Stanford University Press, Stanford, CA
EOL:108062	Distichlis	RO:0002453	host of	EOL:186765	Polites sabuleti	GEONAMES:6255149	North America					Scott, J.A. 1986.  The Butterflies of North America.  Stanford University Press, Stanford, CA
EOL:108062	Distichlis	RO:0002453	host of	EOL:241653	Pseudocopaeodes eunus	GEONAMES:6255149	North America					Scott, J.A. 1986.  The Butterflies of North America.  Stanford University Press, Stanford, CA
EOL:108062	Distichlis	RO:0002453	host of	EOL:2682857	Panoquina errans	GEONAMES:6255149	North America					Scott, J.A. 1986.  The Butterflies of North America.  Stanford University Press, Stanford, CA
EOL:38024	Dudleya	RO:0002453	host of	EOL:270264	Philotes sonorensis	GEONAMES:6255149	North America					Scott, J.A. 1986.  The Butterflies of North America.  Stanford University Press, Stanford, CA
EOL:108064	Echinochloa	RO:0002453	host of	EOL:183508	Lerodea eufala	GEONAMES:6255149	North America					Scott, J.A. 1986.  The Butterflies of North America.  Stanford University Press, Stanford, CA
EOL:108065	Elymus	RO:0002453	host of	EOL:183698	Ochlodes sylvanoides	GEONAMES:6255149	North America					Scott, J.A. 1986.  The Butterflies of North America.  Stanford University Press, Stanford, CA
EOL:108065	Elymus	RO:0002453	host of	EOL:184076	Poanes taxiles	GEONAMES:6255149	North America					Scott, J.A. 1986.  The Butterflies of North America.  Stanford University Press, Stanford, CA
EOL:108065	Elymus	RO:0002453	host of	EOL:218565	Poanes zabulon	GEONAMES:6255149	North America					Scott, J.A. 1986.  The Butterflies of North America.  Stanford University Press, Stanford, CA
EOL:108048	Eragrostis	RO:0002453	host of	EOL:184076	Poanes taxiles	GEONAMES:6255149	North America					Scott, J.A. 1986.  The Butterflies of North America.  Stanford University Press, Stanford, CA
EOL:108048	Eragrostis	RO:0002453	host of	EOL:218565	Poanes zabulon	GEONAMES:6255149	North America					Scott, J.A. 1986.  The Butterflies of North America.  Stanford University Press, Stanford, CA
EOL:108048	Eragrostis?	RO:0002453	host of	EOL:185386	Nastra neamathla	GEONAMES:6255149	North America					Scott, J.A. 1986.  The Butterflies of North America.  Stanford University Press, Stanford, CA
EOL:18734	Erianthus	RO:0002453	host of	EOL:958013	Enodia anthedon	GEONAMES:6255149	North America					Scott, J.A. 1986.  The Butterflies of North America.  Stanford University Press, Stanford, CA
EOL:4267	Ericaceae	RO:0002453	host of	EOL:261381	Lycaena mariposa	GEONAMES:6255149	North America					Scott, J.A. 1986.  The Butterflies of North America.  Stanford University Press, Stanford, CA
EOL:4267	Ericaceae	RO:0002453	host of	EOL:263777	Callophrys polios	GEONAMES:6255149	North America					Scott, J.A. 1986.  The Butterflies of North America.  Stanford University Press, Stanford, CA
EOL:4267	Ericaceae	RO:0002453	host of	EOL:2682626	Lycaena epixanthe	GEONAMES:6255149	North America					Scott, J.A. 1986.  The Butterflies of North America.  Stanford University Press, Stanford, CA
EOL:37625	Erigonum	RO:0002453	host of	EOL:4045380	Plebejus neurona	GEONAMES:6255149	North America					Scott, J.A. 1986.  The Butterflies of North America.  Stanford University Press, Stanford, CA
EOL:108148	Eriochloa	RO:0002453	host of	EOL:182773	Panoquina sylvicola	GEONAMES:6255149	North America					Scott, J.A. 1986.  The Butterflies of North America.  Stanford University Press, Stanford, CA
EOL:37625	Eriogonum	RO:0002453	host of	EOL:264495	Euphilotes rita	GEONAMES:6255149	North America					Scott, J.A. 1986.  The Butterflies of North America.  Stanford University Press, Stanford, CA
EOL:37625	Eriogonum	RO:0002453	host of	EOL:267955	Euphilotes enoptes	GEONAMES:6255149	North America					Scott, J.A. 1986.  The Butterflies of North America.  Stanford University Press, Stanford, CA
EOL:37625	Eriogonum	RO:0002453	host of	EOL:269213	Euphilotes battoides	GEONAMES:6255149	North America					Scott, J.A. 1986.  The Butterflies of North America.  Stanford University Press, Stanford, CA
EOL:37625	Eriogonum	RO:0002453	host of	EOL:4051696	Callophrys sheridanii	GEONAMES:6255149	North America					Scott, J.A. 1986.  The Butterflies of North America.  Stanford University Press, Stanford, CA
EOL:38318	Eupatorium	RO:0002453	host of	EOL:10448141	Calephelis rawsoni	GEONAMES:6255149	North America					Scott, J.A. 1986.  The Butterflies of North America.  Stanford University Press, Stanford, CA
EOL:38318	Eupatorium	RO:0002453	host of	EOL:187753	Calephelis arizonensis	GEONAMES:6255149	North America					Scott, J.A. 1986.  The Butterflies of North America.  Stanford University Press, Stanford, CA
EOL:38318	Eupatorium	RO:0002453	host of	EOL:253305	Calephelis perditalis	GEONAMES:6255149	North America					Scott, J.A. 1986.  The Butterflies of North America.  Stanford University Press, Stanford, CA
EOL:4198	Euphorbiaceae	RO:0002453	host of	EOL:10447703	Strymon acis	GEONAMES:6255149	North America					Scott, J.A. 1986.  The Butterflies of North America.  Stanford University Press, Stanford, CA
EOL:4198	Euphorbiaceae	RO:0002453	host of	EOL:156561	Mestra amymone	GEONAMES:6255149	North America					Scott, J.A. 1986.  The Butterflies of North America.  Stanford University Press, Stanford, CA
EOL:4198	Euphorbiaceae	RO:0002453	host of	EOL:166346	Hamadryas februa	GEONAMES:6255149	North America					Scott, J.A. 1986.  The Butterflies of North America.  Stanford University Press, Stanford, CA
EOL:4198	Euphorbiaceae	RO:0002453	host of	EOL:169443	Anaea aidea	GEONAMES:6255149	North America					Scott, J.A. 1986.  The Butterflies of North America.  Stanford University Press, Stanford, CA
EOL:4198	Euphorbiaceae	RO:0002453	host of	EOL:169447	Anaea floridalis	GEONAMES:6255149	North America					Scott, J.A. 1986.  The Butterflies of North America.  Stanford University Press, Stanford, CA
EOL:4198	Euphorbiaceae	RO:0002453	host of	EOL:170165	Anaea andria	GEONAMES:6255149	North America					Scott, J.A. 1986.  The Butterflies of North America.  Stanford University Press, Stanford, CA
EOL:4197	Fagaceae	RO:0002453	host of	EOL:157192	Limenitis lorquini	GEONAMES:6255149	North America					Scott, J.A. 1986.  The Butterflies of North America.  Stanford University Press, Stanford, CA
EOL:4197	Fagaceae	RO:0002453	host of	EOL:178818	Erynnis juvenalis	GEONAMES:6255149	North America					Scott, J.A. 1986.  The Butterflies of North America.  Stanford University Press, Stanford, CA
EOL:4197	Fagaceae	RO:0002453	host of	EOL:179115	Erynnis brizo	GEONAMES:6255149	North America					Scott, J.A. 1986.  The Butterflies of North America.  Stanford University Press, Stanford, CA
EOL:4197	Fagaceae	RO:0002453	host of	EOL:180994	Erynnis horatius	GEONAMES:6255149	North America					Scott, J.A. 1986.  The Butterflies of North America.  Stanford University Press, Stanford, CA
EOL:4197	Fagaceae	RO:0002453	host of	EOL:184850	Erynnis meridianus	GEONAMES:6255149	North America					Scott, J.A. 1986.  The Butterflies of North America.  Stanford University Press, Stanford, CA
EOL:4197	Fagaceae	RO:0002453	host of	EOL:254703	Emesis ares	GEONAMES:6255149	North America					Scott, J.A. 1986.  The Butterflies of North America.  Stanford University Press, Stanford, CA
EOL:4197	Fagaceae	RO:0002453	host of	EOL:255640	Erynnis propertius	GEONAMES:6255149	North America					Scott, J.A. 1986.  The Butterflies of North America.  Stanford University Press, Stanford, CA
EOL:4197	Fagaceae	RO:0002453	host of	EOL:255718	Hypaurotis crysalus	GEONAMES:6255149	North America					Scott, J.A. 1986.  The Butterflies of North America.  Stanford University Press, Stanford, CA
EOL:4197	Fagaceae	RO:0002453	host of	EOL:258136	Habrodais grunus	GEONAMES:6255149	North America					Scott, J.A. 1986.  The Butterflies of North America.  Stanford University Press, Stanford, CA
EOL:4197	Fagaceae	RO:0002453	host of	EOL:262312	Parrhasius m-album	GEONAMES:6255149	North America					Scott, J.A. 1986.  The Butterflies of North America.  Stanford University Press, Stanford, CA
EOL:4197	Fagaceae	RO:0002453	host of	EOL:265079	Satyrium auretorum	GEONAMES:6255149	North America					Scott, J.A. 1986.  The Butterflies of North America.  Stanford University Press, Stanford, CA
EOL:4197	Fagaceae	RO:0002453	host of	EOL:4051057	Satyrium edwardsii	GEONAMES:6255149	North America					Scott, J.A. 1986.  The Butterflies of North America.  Stanford University Press, Stanford, CA
EOL:4197	Fagaceae	RO:0002453	host of	EOL:4089743	Adelpha bredowii	GEONAMES:6255149	North America					Scott, J.A. 1986.  The Butterflies of North America.  Stanford University Press, Stanford, CA
EOL:108085	Festuca	RO:0002453	host of	EOL:184696	Hesperia nevada	GEONAMES:6255149	North America					Scott, J.A. 1986.  The Butterflies of North America.  Stanford University Press, Stanford, CA
EOL:108085	Festuca	RO:0002453	host of	EOL:184705	Hesperia lindseyi	GEONAMES:6255149	North America					Scott, J.A. 1986.  The Butterflies of North America.  Stanford University Press, Stanford, CA
EOL:108085	Festuca	RO:0002453	host of	EOL:184706	Hesperia sassacus	GEONAMES:6255149	North America					Scott, J.A. 1986.  The Butterflies of North America.  Stanford University Press, Stanford, CA
EOL:108085	Festuca	RO:0002453	host of	EOL:959183	Oeneis taygete	GEONAMES:6255149	North America					Scott, J.A. 1986.  The Butterflies of North America.  Stanford University Press, Stanford, CA
EOL:39867303	Fumariaceae	RO:0002453	host of	EOL:131930	Parnassius eversmanni	GEONAMES:6255149	North America					Scott, J.A. 1986.  The Butterflies of North America.  Stanford University Press, Stanford, CA
EOL:28227	Galactia	RO:0002453	host of	EOL:182720	Epargyreus zestos	GEONAMES:6255149	North America					Scott, J.A. 1986.  The Butterflies of North America.  Stanford University Press, Stanford, CA
EOL:4075	Grasses	RO:0002453	host of	EOL:2682985	Amblyscirtes belli	GEONAMES:6255149	North America					Scott, J.A. 1986.  The Butterflies of North America.  Stanford University Press, Stanford, CA
EOL:4075	Grasses	RO:0002453	host of	EOL:2682988	Amblyscirtes celia	GEONAMES:6255149	North America					Scott, J.A. 1986.  The Butterflies of North America.  Stanford University Press, Stanford, CA
EOL:4075	Grasses	RO:0002453	host of	EOL:2683000	Amblyscirtes nysa	GEONAMES:6255149	North America					Scott, J.A. 1986.  The Butterflies of North America.  Stanford University Press, Stanford, CA
EOL:4075	Grasses	RO:0002453	host of	EOL:2683009	Amblyscirtes vialis	GEONAMES:6255149	North America					Scott, J.A. 1986.  The Butterflies of North America.  Stanford University Press, Stanford, CA
EOL:4075	Grasses?	RO:0002453	host of	EOL:134423	Coenonympha tullia	GEONAMES:6255149	North America					Scott, J.A. 1986.  The Butterflies of North America.  Stanford University Press, Stanford, CA
EOL:4075	Grasses?	RO:0002453	host of	EOL:178480	Carterocephalus palaemon	GEONAMES:6255149	North America					Scott, J.A. 1986.  The Butterflies of North America.  Stanford University Press, Stanford, CA
EOL:4075	Grasses?	RO:0002453	host of	EOL:253099	Urbanus procne	GEONAMES:6255149	North America					Scott, J.A. 1986.  The Butterflies of North America.  Stanford University Press, Stanford, CA
EOL:4075	Grasses?	RO:0002453	host of	EOL:253114	Urbanus teleus	GEONAMES:6255149	North America					Scott, J.A. 1986.  The Butterflies of North America.  Stanford University Press, Stanford, CA
EOL:4075	Grasses?	RO:0002453	host of	EOL:4127691	Megisto cymela	GEONAMES:6255149	North America					Scott, J.A. 1986.  The Butterflies of North America.  Stanford University Press, Stanford, CA
EOL:4075	Grasses?	RO:0002453	host of	EOL:966202	Cercyonis pegala	GEONAMES:6255149	North America					Scott, J.A. 1986.  The Butterflies of North America.  Stanford University Press, Stanford, CA
EOL:4392	Grossulariaceae	RO:0002453	host of	EOL:162249	Polygonia gracilis	GEONAMES:6255149	North America					Scott, J.A. 1986.  The Butterflies of North America.  Stanford University Press, Stanford, CA
EOL:4392	Grossulariaceae	RO:0002453	host of	EOL:163572	Polygonia progne	GEONAMES:6255149	North America					Scott, J.A. 1986.  The Butterflies of North America.  Stanford University Press, Stanford, CA
EOL:4392	Grossulariaceae	RO:0002453	host of	EOL:261806	Lycaena arota	GEONAMES:6255149	North America					Scott, J.A. 1986.  The Butterflies of North America.  Stanford University Press, Stanford, CA
EOL:4392	Grossulariaceae	RO:0002453	host of	EOL:4069200	Polygonia oreas	GEONAMES:6255149	North America					Scott, J.A. 1986.  The Butterflies of North America.  Stanford University Press, Stanford, CA
EOL:108161	Hymenachne	RO:0002453	host of	EOL:178134	Panoquina ocola	GEONAMES:6255149	North America					Scott, J.A. 1986.  The Butterflies of North America.  Stanford University Press, Stanford, CA
EOL:2530853	Hystrix	RO:0002453	host of	EOL:958013	Enodia anthedon	GEONAMES:6255149	North America					Scott, J.A. 1986.  The Butterflies of North America.  Stanford University Press, Stanford, CA
EOL:27878	Indigofera	RO:0002453	host of	EOL:181746	Gesta gesta	GEONAMES:6255149	North America					Scott, J.A. 1986.  The Butterflies of North America.  Stanford University Press, Stanford, CA
EOL:4299	Juglandaceae	RO:0002453	host of	EOL:4051071	Satyrium caryaevorum	GEONAMES:6255149	North America					Scott, J.A. 1986.  The Butterflies of North America.  Stanford University Press, Stanford, CA
EOL:71167	Karwinskia	RO:0002453	host of	EOL:12085642	Astraptes fulgerator	GEONAMES:6255149	North America					Scott, J.A. 1986.  The Butterflies of North America.  Stanford University Press, Stanford, CA
EOL:108168	Koeleria	RO:0002453	host of	EOL:184696	Hesperia nevada	GEONAMES:6255149	North America					Scott, J.A. 1986.  The Butterflies of North America.  Stanford University Press, Stanford, CA
EOL:108168	Koeleria	RO:0002453	host of	EOL:185578	Hesperia columbia	GEONAMES:6255149	North America					Scott, J.A. 1986.  The Butterflies of North America.  Stanford University Press, Stanford, CA
EOL:4302	Labiatae	RO:0002453	host of	EOL:152983	Anartia jatrophae	GEONAMES:6255149	North America					Scott, J.A. 1986.  The Butterflies of North America.  Stanford University Press, Stanford, CA
EOL:108170	Lamarckia	RO:0002453	host of	EOL:2683098	Poanes melane	GEONAMES:6255149	North America					Scott, J.A. 1986.  The Butterflies of North America.  Stanford University Press, Stanford, CA
EOL:4308	Lauraceae	RO:0002453	host of	EOL:130865	Papilio troilus	GEONAMES:6255149	North America					Scott, J.A. 1986.  The Butterflies of North America.  Stanford University Press, Stanford, CA
EOL:4308	Lauraceae	RO:0002453	host of	EOL:130883	Papilio palamedes	GEONAMES:6255149	North America					Scott, J.A. 1986.  The Butterflies of North America.  Stanford University Press, Stanford, CA
EOL:87102	Leersia	RO:0002453	host of	EOL:184243	Polites peckius	GEONAMES:6255149	North America					Scott, J.A. 1986.  The Butterflies of North America.  Stanford University Press, Stanford, CA
EOL:87102	Leersia	RO:0002453	host of	EOL:958013	Enodia anthedon	GEONAMES:6255149	North America					Scott, J.A. 1986.  The Butterflies of North America.  Stanford University Press, Stanford, CA
EOL:4277	Leguminosae	RO:0002453	host of	EOL:168813	Anteos maerula	GEONAMES:6255149	North America					Scott, J.A. 1986.  The Butterflies of North America.  Stanford University Press, Stanford, CA
EOL:4277	Leguminosae	RO:0002453	host of	EOL:172310	Anteos clorinde	GEONAMES:6255149	North America					Scott, J.A. 1986.  The Butterflies of North America.  Stanford University Press, Stanford, CA
EOL:4277	Leguminosae	RO:0002453	host of	EOL:174298	Autochton cellus	GEONAMES:6255149	North America					Scott, J.A. 1986.  The Butterflies of North America.  Stanford University Press, Stanford, CA
EOL:4277	Leguminosae	RO:0002453	host of	EOL:179113	Erynnis afranius	GEONAMES:6255149	North America					Scott, J.A. 1986.  The Butterflies of North America.  Stanford University Press, Stanford, CA
EOL:4277	Leguminosae	RO:0002453	host of	EOL:179114	Erynnis baptisiae	GEONAMES:6255149	North America					Scott, J.A. 1986.  The Butterflies of North America.  Stanford University Press, Stanford, CA
EOL:4277	Leguminosae	RO:0002453	host of	EOL:179862	Chioides catillus	GEONAMES:6255149	North America					Scott, J.A. 1986.  The Butterflies of North America.  Stanford University Press, Stanford, CA
EOL:4277	Leguminosae	RO:0002453	host of	EOL:180721	Achalarus lyciades	GEONAMES:6255149	North America					Scott, J.A. 1986.  The Butterflies of North America.  Stanford University Press, Stanford, CA
EOL:4277	Leguminosae	RO:0002453	host of	EOL:180991	Erynnis funeralis	GEONAMES:6255149	North America					Scott, J.A. 1986.  The Butterflies of North America.  Stanford University Press, Stanford, CA
EOL:4277	Leguminosae	RO:0002453	host of	EOL:184797	Epargyreus clarus	GEONAMES:6255149	North America					Scott, J.A. 1986.  The Butterflies of North America.  Stanford University Press, Stanford, CA
EOL:4277	Leguminosae	RO:0002453	host of	EOL:185090	Urbanus dorantes	GEONAMES:6255149	North America					Scott, J.A. 1986.  The Butterflies of North America.  Stanford University Press, Stanford, CA
EOL:4277	Leguminosae	RO:0002453	host of	EOL:185121	Erynnis zarucco	GEONAMES:6255149	North America					Scott, J.A. 1986.  The Butterflies of North America.  Stanford University Press, Stanford, CA
EOL:4277	Leguminosae	RO:0002453	host of	EOL:241364	Polygonus leo	GEONAMES:6255149	North America					Scott, J.A. 1986.  The Butterflies of North America.  Stanford University Press, Stanford, CA
EOL:4277	Leguminosae	RO:0002453	host of	EOL:250687	Thorybes bathyllus	GEONAMES:6255149	North America					Scott, J.A. 1986.  The Butterflies of North America.  Stanford University Press, Stanford, CA
EOL:4277	Leguminosae	RO:0002453	host of	EOL:250693	Thorybes mexicanus	GEONAMES:6255149	North America					Scott, J.A. 1986.  The Butterflies of North America.  Stanford University Press, Stanford, CA
EOL:4277	Leguminosae	RO:0002453	host of	EOL:250700	Thorybes pylades	GEONAMES:6255149	North America					Scott, J.A. 1986.  The Butterflies of North America.  Stanford University Press, Stanford, CA
EOL:4277	Leguminosae	RO:0002453	host of	EOL:253103	Urbanus proteus	GEONAMES:6255149	North America					Scott, J.A. 1986.  The Butterflies of North America.  Stanford University Press, Stanford, CA
EOL:4277	Leguminosae	RO:0002453	host of	EOL:260817	Lampides boeticus	GEONAMES:6255149	North America					Scott, J.A. 1986.  The Butterflies of North America.  Stanford University Press, Stanford, CA
EOL:4277	Leguminosae	RO:0002453	host of	EOL:261227	Glaucopsyche lygdamus	GEONAMES:6255149	North America					Scott, J.A. 1986.  The Butterflies of North America.  Stanford University Press, Stanford, CA
EOL:4277	Leguminosae	RO:0002453	host of	EOL:262528	Ministrymon clytie	GEONAMES:6255149	North America					Scott, J.A. 1986.  The Butterflies of North America.  Stanford University Press, Stanford, CA
EOL:4277	Leguminosae	RO:0002453	host of	EOL:264589	Hemiargus isola	GEONAMES:6255149	North America					Scott, J.A. 1986.  The Butterflies of North America.  Stanford University Press, Stanford, CA
EOL:4277	Leguminosae	RO:0002453	host of	EOL:264645	Lycaeides melissa	GEONAMES:6255149	North America					Scott, J.A. 1986.  The Butterflies of North America.  Stanford University Press, Stanford, CA
EOL:4277	Leguminosae	RO:0002453	host of	EOL:265589	Plebejus shasta	GEONAMES:6255149	North America					Scott, J.A. 1986.  The Butterflies of North America.  Stanford University Press, Stanford, CA
EOL:4277	Leguminosae	RO:0002453	host of	EOL:267489	Plebejus icarioides	GEONAMES:6255149	North America					Scott, J.A. 1986.  The Butterflies of North America.  Stanford University Press, Stanford, CA
EOL:4277	Leguminosae	RO:0002453	host of	EOL:2682819	Vanessa virginiensis	GEONAMES:6255149	North America					Scott, J.A. 1986.  The Butterflies of North America.  Stanford University Press, Stanford, CA
EOL:4277	Leguminosae	RO:0002453	host of	EOL:269331	Hemiargus ceraunus	GEONAMES:6255149	North America					Scott, J.A. 1986.  The Butterflies of North America.  Stanford University Press, Stanford, CA
EOL:4277	Leguminosae	RO:0002453	host of	EOL:269634	Leptotes marina	GEONAMES:6255149	North America					Scott, J.A. 1986.  The Butterflies of North America.  Stanford University Press, Stanford, CA
EOL:4277	Leguminosae	RO:0002453	host of	EOL:270292	Plebejus saepiolus	GEONAMES:6255149	North America					Scott, J.A. 1986.  The Butterflies of North America.  Stanford University Press, Stanford, CA
EOL:4277	Leguminosae	RO:0002453	host of	EOL:2923321	Everes comyntas	GEONAMES:6255149	North America					Scott, J.A. 1986.  The Butterflies of North America.  Stanford University Press, Stanford, CA
EOL:4277	Leguminosae	RO:0002453	host of	EOL:4051699	Callophrys irus	GEONAMES:6255149	North America					Scott, J.A. 1986.  The Butterflies of North America.  Stanford University Press, Stanford, CA
EOL:4277	Leguminosae	RO:0002453	host of	EOL:4053844	Ministrymon azia	GEONAMES:6255149	North America					Scott, J.A. 1986.  The Butterflies of North America.  Stanford University Press, Stanford, CA
EOL:4277	Leguminosae	RO:0002453	host of	EOL:4058852	Everes amyntula	GEONAMES:6255149	North America					Scott, J.A. 1986.  The Butterflies of North America.  Stanford University Press, Stanford, CA
EOL:28297	Lespedeza (Possibly)	RO:0002453	host of	EOL:250695	Thorybes confusis	GEONAMES:6255149	North America					Scott, J.A. 1986.  The Butterflies of North America.  Stanford University Press, Stanford, CA
EOL:71175	Lippia	RO:0002453	host of	EOL:159868	Phyciodes phaon	GEONAMES:6255149	North America					Scott, J.A. 1986.  The Butterflies of North America.  Stanford University Press, Stanford, CA
EOL:4283	Loganiaceae	RO:0002453	host of	EOL:4090129	Danaus eresimus	GEONAMES:6255149	North America					Scott, J.A. 1986.  The Butterflies of North America.  Stanford University Press, Stanford, CA
EOL:4404	Loranthaceae	RO:0002453	host of	EOL:263758	Atlides halesus	GEONAMES:6255149	North America					Scott, J.A. 1986.  The Butterflies of North America.  Stanford University Press, Stanford, CA
EOL:27789	Lupinus	RO:0002453	host of	EOL:264712	Glaucopsyche piasus	GEONAMES:6255149	North America					Scott, J.A. 1986.  The Butterflies of North America.  Stanford University Press, Stanford, CA
EOL:27789	Lupinus	RO:0002453	host of	EOL:4051063	Satyrium californica	GEONAMES:6255149	North America					Scott, J.A. 1986.  The Butterflies of North America.  Stanford University Press, Stanford, CA
EOL:51219	Malpighia	RO:0002453	host of	EOL:179073	Chiomara asychis	GEONAMES:6255149	North America					Scott, J.A. 1986.  The Butterflies of North America.  Stanford University Press, Stanford, CA
EOL:51219	Malpighia	RO:0002453	host of	EOL:184881	Timochares ruptifasciatus	GEONAMES:6255149	North America					Scott, J.A. 1986.  The Butterflies of North America.  Stanford University Press, Stanford, CA
EOL:4361	Malpighiaceae	RO:0002453	host of	EOL:184827	Ephyriades brunneus	GEONAMES:6255149	North America					Scott, J.A. 1986.  The Butterflies of North America.  Stanford University Press, Stanford, CA
EOL:4321	Malvaceae	RO:0002453	host of	EOL:181347	Celotes nessus	GEONAMES:6255149	North America					Scott, J.A. 1986.  The Butterflies of North America.  Stanford University Press, Stanford, CA
EOL:4321	Malvaceae	RO:0002453	host of	EOL:183788	Pyrgus communis	GEONAMES:6255149	North America					Scott, J.A. 1986.  The Butterflies of North America.  Stanford University Press, Stanford, CA
EOL:4321	Malvaceae	RO:0002453	host of	EOL:183794	Pyrgus albescens	GEONAMES:6255149	North America					Scott, J.A. 1986.  The Butterflies of North America.  Stanford University Press, Stanford, CA
EOL:4321	Malvaceae	RO:0002453	host of	EOL:183868	Pyrgus oileus	GEONAMES:6255149	North America					Scott, J.A. 1986.  The Butterflies of North America.  Stanford University Press, Stanford, CA
EOL:4321	Malvaceae	RO:0002453	host of	EOL:185529	Heliopetes ericetorum	GEONAMES:6255149	North America					Scott, J.A. 1986.  The Butterflies of North America.  Stanford University Press, Stanford, CA
EOL:4321	Malvaceae	RO:0002453	host of	EOL:185531	Heliopetes laviana	GEONAMES:6255149	North America					Scott, J.A. 1986.  The Butterflies of North America.  Stanford University Press, Stanford, CA
EOL:4321	Malvaceae	RO:0002453	host of	EOL:187316	Systasea pulverulenta	GEONAMES:6255149	North America					Scott, J.A. 1986.  The Butterflies of North America.  Stanford University Press, Stanford, CA
EOL:4321	Malvaceae	RO:0002453	host of	EOL:187664	Pyrgus scriptura	GEONAMES:6255149	North America					Scott, J.A. 1986.  The Butterflies of North America.  Stanford University Press, Stanford, CA
EOL:4321	Malvaceae	RO:0002453	host of	EOL:2682819	Vanessa virginiensis	GEONAMES:6255149	North America					Scott, J.A. 1986.  The Butterflies of North America.  Stanford University Press, Stanford, CA
EOL:4321	Malvaceae	RO:0002453	host of	EOL:4050992	Strymon rufofusca	GEONAMES:6255149	North America					Scott, J.A. 1986.  The Butterflies of North America.  Stanford University Press, Stanford, CA
EOL:4321	Malvaceae	RO:0002453	host of	EOL:4069329	Vanessa annabella	GEONAMES:6255149	North America					Scott, J.A. 1986.  The Butterflies of North America.  Stanford University Press, Stanford, CA
EOL:38508	Malvaviscus	RO:0002453	host of	EOL:185419	Xenophanes tryxus	GEONAMES:6255149	North America					Scott, J.A. 1986.  The Butterflies of North America.  Stanford University Press, Stanford, CA
EOL:38508	Malvaviscus	RO:0002453	host of	EOL:185540	Heliopetes macaira	GEONAMES:6255149	North America					Scott, J.A. 1986.  The Butterflies of North America.  Stanford University Press, Stanford, CA
EOL:5429	Marantaceae	RO:0002453	host of	EOL:182346	Calpodes ethlius	GEONAMES:6255149	North America					Scott, J.A. 1986.  The Butterflies of North America.  Stanford University Press, Stanford, CA
EOL:27836	Mimosa	RO:0002453	host of	EOL:2683283	Cogia calchas	GEONAMES:6255149	North America					Scott, J.A. 1986.  The Butterflies of North America.  Stanford University Press, Stanford, CA
EOL:4450	Moraceae	RO:0002453	host of	EOL:163165	Nymphalis antiopa	GEONAMES:6255149	North America					Scott, J.A. 1986.  The Butterflies of North America.  Stanford University Press, Stanford, CA
EOL:4450	Moraceae	RO:0002453	host of	EOL:164838	Marpesia petreus	GEONAMES:6255149	North America					Scott, J.A. 1986.  The Butterflies of North America.  Stanford University Press, Stanford, CA
EOL:4450	Moraceae	RO:0002453	host of	EOL:165801	Marpesia chiron	GEONAMES:6255149	North America					Scott, J.A. 1986.  The Butterflies of North America.  Stanford University Press, Stanford, CA
EOL:4450	Moraceae	RO:0002453	host of	EOL:2682812	Nymphalis vaualbum	GEONAMES:6255149	North America					Scott, J.A. 1986.  The Butterflies of North America.  Stanford University Press, Stanford, CA
EOL:44527	Musa	RO:0002453	host of	EOL:184845	Erionota thrax	GEONAMES:6255149	North America					Scott, J.A. 1986.  The Butterflies of North America.  Stanford University Press, Stanford, CA
EOL:8095	Myrtaceae	RO:0002453	host of	EOL:187619	Phocides polybius	GEONAMES:6255149	North America					Scott, J.A. 1986.  The Butterflies of North America.  Stanford University Press, Stanford, CA
EOL:4426	Oleaceae	RO:0002453	host of	EOL:163165	Nymphalis antiopa	GEONAMES:6255149	North America					Scott, J.A. 1986.  The Butterflies of North America.  Stanford University Press, Stanford, CA
EOL:108188	Oryza	RO:0002453	host of	EOL:178134	Panoquina ocola	GEONAMES:6255149	North America					Scott, J.A. 1986.  The Butterflies of North America.  Stanford University Press, Stanford, CA
EOL:108188	Oryza	RO:0002453	host of	EOL:182773	Panoquina sylvicola	GEONAMES:6255149	North America					Scott, J.A. 1986.  The Butterflies of North America.  Stanford University Press, Stanford, CA
EOL:108188	Oryza	RO:0002453	host of	EOL:185980	Nyctelius nyctelius	GEONAMES:6255149	North America					Scott, J.A. 1986.  The Butterflies of North America.  Stanford University Press, Stanford, CA
EOL:108060	Panicum	RO:0002453	host of	EOL:184706	Hesperia sassacus	GEONAMES:6255149	North America					Scott, J.A. 1986.  The Butterflies of North America.  Stanford University Press, Stanford, CA
EOL:108060	Panicum	RO:0002453	host of	EOL:186173	Polites themistocles	GEONAMES:6255149	North America					Scott, J.A. 1986.  The Butterflies of North America.  Stanford University Press, Stanford, CA
EOL:108060	Panicum	RO:0002453	host of	EOL:207539	Poanes hobomok	GEONAMES:6255149	North America					Scott, J.A. 1986.  The Butterflies of North America.  Stanford University Press, Stanford, CA
EOL:108060	Panicum	RO:0002453	host of	EOL:250708	Wallengrenia egeremet	GEONAMES:6255149	North America					Scott, J.A. 1986.  The Butterflies of North America.  Stanford University Press, Stanford, CA
EOL:108066	Paspalum	RO:0002453	host of	EOL:13922694	Monca tyrtaeus	GEONAMES:6255149	North America					Scott, J.A. 1986.  The Butterflies of North America.  Stanford University Press, Stanford, CA
EOL:108066	Paspalum	RO:0002453	host of	EOL:181354	Cymaenes odilia	GEONAMES:6255149	North America					Scott, J.A. 1986.  The Butterflies of North America.  Stanford University Press, Stanford, CA
EOL:38402	Passiflora	RO:0002453	host of	EOL:147104	Heliconius charithonia	GEONAMES:6255149	North America					Scott, J.A. 1986.  The Butterflies of North America.  Stanford University Press, Stanford, CA
EOL:38402	Passiflora	RO:0002453	host of	EOL:151378	Heliconius erato	GEONAMES:6255149	North America					Scott, J.A. 1986.  The Butterflies of North America.  Stanford University Press, Stanford, CA
EOL:38402	Passiflora	RO:0002453	host of	EOL:151782	Agraulis vanillae	GEONAMES:6255149	North America					Scott, J.A. 1986.  The Butterflies of North America.  Stanford University Press, Stanford, CA
EOL:38402	Passiflora	RO:0002453	host of	EOL:155267	Eueides isabella	GEONAMES:6255149	North America					Scott, J.A. 1986.  The Butterflies of North America.  Stanford University Press, Stanford, CA
EOL:38402	Passiflora	RO:0002453	host of	EOL:158518	Dryadula phaetusa	GEONAMES:6255149	North America					Scott, J.A. 1986.  The Butterflies of North America.  Stanford University Press, Stanford, CA
EOL:38402	Passiflora	RO:0002453	host of	EOL:158521	Dione moneta	GEONAMES:6255149	North America					Scott, J.A. 1986.  The Butterflies of North America.  Stanford University Press, Stanford, CA
EOL:38402	Passiflora	RO:0002453	host of	EOL:158533	Dryas iulia	GEONAMES:6255149	North America					Scott, J.A. 1986.  The Butterflies of North America.  Stanford University Press, Stanford, CA
EOL:38106	Penstemon	RO:0002453	host of	EOL:162717	Poladryas arachne	GEONAMES:6255149	North America					Scott, J.A. 1986.  The Butterflies of North America.  Stanford University Press, Stanford, CA
EOL:108108	Phalaris	RO:0002453	host of	EOL:183698	Ochlodes sylvanoides	GEONAMES:6255149	North America					Scott, J.A. 1986.  The Butterflies of North America.  Stanford University Press, Stanford, CA
EOL:108108	Phalaris	RO:0002453	host of	EOL:958013	Enodia anthedon	GEONAMES:6255149	North America					Scott, J.A. 1986.  The Butterflies of North America.  Stanford University Press, Stanford, CA
EOL:30012	Phoenix	RO:0002453	host of	EOL:181649	Asbolis capucinus	GEONAMES:6255149	North America					Scott, J.A. 1986.  The Butterflies of North America.  Stanford University Press, Stanford, CA
EOL:108094	Phragmites	RO:0002453	host of	EOL:183705	Ochlodes yuma	GEONAMES:6255149	North America					Scott, J.A. 1986.  The Butterflies of North America.  Stanford University Press, Stanford, CA
EOL:6747	Pinaceae	RO:0002453	host of	EOL:3663511	Neophasia terlootii	GEONAMES:6255149	North America					Scott, J.A. 1986.  The Butterflies of North America.  Stanford University Press, Stanford, CA
EOL:27843	Pithecellobium	RO:0002453	host of	EOL:177399	Achalarus toxeus	GEONAMES:6255149	North America					Scott, J.A. 1986.  The Butterflies of North America.  Stanford University Press, Stanford, CA
EOL:27843	Pithecellobium	RO:0002453	host of	EOL:4059305	Melanis pixe	GEONAMES:6255149	North America					Scott, J.A. 1986.  The Butterflies of North America.  Stanford University Press, Stanford, CA
EOL:4354	Plantaginaceae	RO:0002453	host of	EOL:163027	Junonia coenia	GEONAMES:6255149	North America					Scott, J.A. 1986.  The Butterflies of North America.  Stanford University Press, Stanford, CA
EOL:108031	Poa	RO:0002453	host of	EOL:135301	Erebia discoidalis	GEONAMES:6255149	North America					Scott, J.A. 1986.  The Butterflies of North America.  Stanford University Press, Stanford, CA
EOL:108031	Poa	RO:0002453	host of	EOL:184076	Poanes taxiles	GEONAMES:6255149	North America					Scott, J.A. 1986.  The Butterflies of North America.  Stanford University Press, Stanford, CA
EOL:108031	Poa	RO:0002453	host of	EOL:186173	Polites themistocles	GEONAMES:6255149	North America					Scott, J.A. 1986.  The Butterflies of North America.  Stanford University Press, Stanford, CA
EOL:108031	Poa	RO:0002453	host of	EOL:207539	Poanes hobomok	GEONAMES:6255149	North America					Scott, J.A. 1986.  The Butterflies of North America.  Stanford University Press, Stanford, CA
EOL:108031	Poa	RO:0002453	host of	EOL:218565	Poanes zabulon	GEONAMES:6255149	North America					Scott, J.A. 1986.  The Butterflies of North America.  Stanford University Press, Stanford, CA
EOL:108031	Poa	RO:0002453	host of	EOL:2682997	Amblyscirtes hegon	GEONAMES:6255149	North America					Scott, J.A. 1986.  The Butterflies of North America.  Stanford University Press, Stanford, CA
EOL:4364	Polygonacae	RO:0002453	host of	EOL:159621	Boloria napaea	GEONAMES:6255149	North America					Scott, J.A. 1986.  The Butterflies of North America.  Stanford University Press, Stanford, CA
EOL:4364	Polygonacae	RO:0002453	host of	EOL:2683043	Euphyes bayensis	GEONAMES:6255149	North America					Scott, J.A. 1986.  The Butterflies of North America.  Stanford University Press, Stanford, CA
EOL:4364	Polygonaceae	RO:0002453	host of	EOL:163165	Nymphalis antiopa	GEONAMES:6255149	North America					Scott, J.A. 1986.  The Butterflies of North America.  Stanford University Press, Stanford, CA
EOL:4364	Polygonaceae	RO:0002453	host of	EOL:250633	Apodemia mormo	GEONAMES:6255149	North America					Scott, J.A. 1986.  The Butterflies of North America.  Stanford University Press, Stanford, CA
EOL:4364	Polygonaceae	RO:0002453	host of	EOL:262295	Lycaena helloides	GEONAMES:6255149	North America					Scott, J.A. 1986.  The Butterflies of North America.  Stanford University Press, Stanford, CA
EOL:4364	Polygonaceae	RO:0002453	host of	EOL:262299	Lycaena dione	GEONAMES:6255149	North America					Scott, J.A. 1986.  The Butterflies of North America.  Stanford University Press, Stanford, CA
EOL:4364	Polygonaceae	RO:0002453	host of	EOL:262721	Lycaena phlaeas	GEONAMES:6255149	North America					Scott, J.A. 1986.  The Butterflies of North America.  Stanford University Press, Stanford, CA
EOL:4364	Polygonaceae	RO:0002453	host of	EOL:264089	Plebejus lupini	GEONAMES:6255149	North America					Scott, J.A. 1986.  The Butterflies of North America.  Stanford University Press, Stanford, CA
EOL:4364	Polygonaceae	RO:0002453	host of	EOL:264671	Lycaena heteronea	GEONAMES:6255149	North America					Scott, J.A. 1986.  The Butterflies of North America.  Stanford University Press, Stanford, CA
EOL:4364	Polygonaceae	RO:0002453	host of	EOL:265852	Lycaena editha	GEONAMES:6255149	North America					Scott, J.A. 1986.  The Butterflies of North America.  Stanford University Press, Stanford, CA
EOL:4364	Polygonaceae	RO:0002453	host of	EOL:266262	Lycaena gorgon	GEONAMES:6255149	North America					Scott, J.A. 1986.  The Butterflies of North America.  Stanford University Press, Stanford, CA
EOL:4364	Polygonaceae	RO:0002453	host of	EOL:266286	Lycaena nivalis	GEONAMES:6255149	North America					Scott, J.A. 1986.  The Butterflies of North America.  Stanford University Press, Stanford, CA
EOL:4364	Polygonaceae	RO:0002453	host of	EOL:266646	Lycaena xanthoides	GEONAMES:6255149	North America					Scott, J.A. 1986.  The Butterflies of North America.  Stanford University Press, Stanford, CA
EOL:4364	Polygonaceae	RO:0002453	host of	EOL:2924286	Lycaena rubidus	GEONAMES:6255149	North America					Scott, J.A. 1986.  The Butterflies of North America.  Stanford University Press, Stanford, CA
EOL:4364	Polygonaceae	RO:0002453	host of	EOL:4050398	Lycaena hyllus	GEONAMES:6255149	North America					Scott, J.A. 1986.  The Butterflies of North America.  Stanford University Press, Stanford, CA
EOL:4364	Polygonaceae	RO:0002453	host of	EOL:4050417	Lycaena cupreus	GEONAMES:6255149	North America					Scott, J.A. 1986.  The Butterflies of North America.  Stanford University Press, Stanford, CA
EOL:29912	Potentilla	RO:0002453	host of	EOL:187662	Pyrgus xanthus	GEONAMES:6255149	North America					Scott, J.A. 1986.  The Butterflies of North America.  Stanford University Press, Stanford, CA
EOL:60991	Priva	RO:0002453	host of	EOL:178782	Cabares potrillo	GEONAMES:6255149	North America					Scott, J.A. 1986.  The Butterflies of North America.  Stanford University Press, Stanford, CA
EOL:27835	Prosopis	RO:0002453	host of	EOL:253276	Apodemia palmeri	GEONAMES:6255149	North America					Scott, J.A. 1986.  The Butterflies of North America.  Stanford University Press, Stanford, CA
EOL:27835	Prosopis	RO:0002453	host of	EOL:262529	Ministrymon leda	GEONAMES:6255149	North America					Scott, J.A. 1986.  The Butterflies of North America.  Stanford University Press, Stanford, CA
EOL:108096	Puccinellia	RO:0002453	host of	EOL:184076	Poanes taxiles	GEONAMES:6255149	North America					Scott, J.A. 1986.  The Butterflies of North America.  Stanford University Press, Stanford, CA
EOL:108096	Puccinellia	RO:0002453	host of	EOL:218565	Poanes zabulon	GEONAMES:6255149	North America					Scott, J.A. 1986.  The Butterflies of North America.  Stanford University Press, Stanford, CA
EOL:30115	Purshia	RO:0002453	host of	EOL:4051054	Satyrium behrii	GEONAMES:6255149	North America					Scott, J.A. 1986.  The Butterflies of North America.  Stanford University Press, Stanford, CA
EOL:32233	Quercus	RO:0002453	host of	EOL:183331	Pyrrhopyge araxes	GEONAMES:6255149	North America					Scott, J.A. 1986.  The Butterflies of North America.  Stanford University Press, Stanford, CA
EOL:32233	Quercus	RO:0002453	host of	EOL:185116	Erynnis telemachus	GEONAMES:6255149	North America					Scott, J.A. 1986.  The Butterflies of North America.  Stanford University Press, Stanford, CA
EOL:32233	Quercus	RO:0002453	host of	EOL:185117	Erynnis tristis	GEONAMES:6255149	North America					Scott, J.A. 1986.  The Butterflies of North America.  Stanford University Press, Stanford, CA
EOL:32233	Quercus	RO:0002453	host of	EOL:250446	Zestusa dorus	GEONAMES:6255149	North America					Scott, J.A. 1986.  The Butterflies of North America.  Stanford University Press, Stanford, CA
EOL:32233	Quercus	RO:0002453	host of	EOL:264028	Erora quaderna	GEONAMES:6255149	North America					Scott, J.A. 1986.  The Butterflies of North America.  Stanford University Press, Stanford, CA
EOL:32233	Quercus	RO:0002453	host of	EOL:4051072	Satyrium favonius	GEONAMES:6255149	North America					Scott, J.A. 1986.  The Butterflies of North America.  Stanford University Press, Stanford, CA
EOL:32233	Quercus	RO:0002453	host of	EOL:4051074	Satyrium polingi	GEONAMES:6255149	North America					Scott, J.A. 1986.  The Butterflies of North America.  Stanford University Press, Stanford, CA
EOL:4381	Rhamnaceae	RO:0002453	host of	EOL:157192	Limenitis lorquini	GEONAMES:6255149	North America					Scott, J.A. 1986.  The Butterflies of North America.  Stanford University Press, Stanford, CA
EOL:60810	Rhizophora	RO:0002453	host of	EOL:187603	Phocides pigmalion	GEONAMES:6255149	North America					Scott, J.A. 1986.  The Butterflies of North America.  Stanford University Press, Stanford, CA
EOL:8097	Rosaceae	RO:0002453	host of	EOL:130920	Papilio eurymedon	GEONAMES:6255149	North America					Scott, J.A. 1986.  The Butterflies of North America.  Stanford University Press, Stanford, CA
EOL:8097	Rosaceae	RO:0002453	host of	EOL:157192	Limenitis lorquini	GEONAMES:6255149	North America					Scott, J.A. 1986.  The Butterflies of North America.  Stanford University Press, Stanford, CA
EOL:8097	Rosaceae	RO:0002453	host of	EOL:159832	Limenitis archippus	GEONAMES:6255149	North America					Scott, J.A. 1986.  The Butterflies of North America.  Stanford University Press, Stanford, CA
EOL:8097	Rosaceae	RO:0002453	host of	EOL:163165	Nymphalis antiopa	GEONAMES:6255149	North America					Scott, J.A. 1986.  The Butterflies of North America.  Stanford University Press, Stanford, CA
EOL:8097	Rosaceae	RO:0002453	host of	EOL:186787	Pyrgus ruralis	GEONAMES:6255149	North America					Scott, J.A. 1986.  The Butterflies of North America.  Stanford University Press, Stanford, CA
EOL:8097	Rosaceae	RO:0002453	host of	EOL:187004	Pyrgus centaureae	GEONAMES:6255149	North America					Scott, J.A. 1986.  The Butterflies of North America.  Stanford University Press, Stanford, CA
EOL:8097	Rosaceae	RO:0002453	host of	EOL:265078	Satyrium calanus	GEONAMES:6255149	North America					Scott, J.A. 1986.  The Butterflies of North America.  Stanford University Press, Stanford, CA
EOL:8097	Rosaceae	RO:0002453	host of	EOL:2682625	Lycaena dorcas	GEONAMES:6255149	North America					Scott, J.A. 1986.  The Butterflies of North America.  Stanford University Press, Stanford, CA
EOL:8097	Rosaceae	RO:0002453	host of	EOL:2682812	Nymphalis vaualbum	GEONAMES:6255149	North America					Scott, J.A. 1986.  The Butterflies of North America.  Stanford University Press, Stanford, CA
EOL:8097	Rosaceae	RO:0002453	host of	EOL:4066451	Limenitis weidemeyerii	GEONAMES:6255149	North America					Scott, J.A. 1986.  The Butterflies of North America.  Stanford University Press, Stanford, CA
EOL:8097	Rosaceae	RO:0002453	host of	EOL:4066460	Limenitis arthemis astyanax	GEONAMES:6255149	North America					Scott, J.A. 1986.  The Butterflies of North America.  Stanford University Press, Stanford, CA
EOL:8097	Rosaceae	RO:0002453	host of	EOL:4066461	Limenitis arthemis arthemis	GEONAMES:6255149	North America					Scott, J.A. 1986.  The Butterflies of North America.  Stanford University Press, Stanford, CA
EOL:4202	Rubiaceae	RO:0002453	host of	EOL:4089704	Adelpha fessonia	GEONAMES:6255149	North America					Scott, J.A. 1986.  The Butterflies of North America.  Stanford University Press, Stanford, CA
EOL:4414	Rutaceae	RO:0002453	host of	EOL:131311	Papilio cresphontes	GEONAMES:6255149	North America					Scott, J.A. 1986.  The Butterflies of North America.  Stanford University Press, Stanford, CA
EOL:4414	Rutaceae	RO:0002453	host of	EOL:131320	Papilio thoas	GEONAMES:6255149	North America					Scott, J.A. 1986.  The Butterflies of North America.  Stanford University Press, Stanford, CA
EOL:4414	Rutaceae	RO:0002453	host of	EOL:173954	Achlyodes thraso	GEONAMES:6255149	North America					Scott, J.A. 1986.  The Butterflies of North America.  Stanford University Press, Stanford, CA
EOL:17831	Sabal	RO:0002453	host of	EOL:181649	Asbolis capucinus	GEONAMES:6255149	North America					Scott, J.A. 1986.  The Butterflies of North America.  Stanford University Press, Stanford, CA
EOL:108041	Saccarum	RO:0002453	host of	EOL:178134	Panoquina ocola	GEONAMES:6255149	North America					Scott, J.A. 1986.  The Butterflies of North America.  Stanford University Press, Stanford, CA
EOL:108041	Saccarum	RO:0002453	host of	EOL:182765	Panoquina panoquinoides	GEONAMES:6255149	North America					Scott, J.A. 1986.  The Butterflies of North America.  Stanford University Press, Stanford, CA
EOL:108041	Saccarum	RO:0002453	host of	EOL:182773	Panoquina sylvicola	GEONAMES:6255149	North America					Scott, J.A. 1986.  The Butterflies of North America.  Stanford University Press, Stanford, CA
EOL:108041	Saccarum	RO:0002453	host of	EOL:185980	Nyctelius nyctelius	GEONAMES:6255149	North America					Scott, J.A. 1986.  The Butterflies of North America.  Stanford University Press, Stanford, CA
EOL:108041	Saccarum	RO:0002453	host of	EOL:2682857	Panoquina errans	GEONAMES:6255149	North America					Scott, J.A. 1986.  The Butterflies of North America.  Stanford University Press, Stanford, CA
EOL:4400	Salicaceae	RO:0002453	host of	EOL:157192	Limenitis lorquini	GEONAMES:6255149	North America					Scott, J.A. 1986.  The Butterflies of North America.  Stanford University Press, Stanford, CA
EOL:4400	Salicaceae	RO:0002453	host of	EOL:159832	Limenitis archippus	GEONAMES:6255149	North America					Scott, J.A. 1986.  The Butterflies of North America.  Stanford University Press, Stanford, CA
EOL:4400	Salicaceae	RO:0002453	host of	EOL:2682812	Nymphalis vaualbum	GEONAMES:6255149	North America					Scott, J.A. 1986.  The Butterflies of North America.  Stanford University Press, Stanford, CA
EOL:4400	Salicaceae	RO:0002453	host of	EOL:4066451	Limenitis weidemeyerii	GEONAMES:6255149	North America					Scott, J.A. 1986.  The Butterflies of North America.  Stanford University Press, Stanford, CA
EOL:4400	Salicaceae	RO:0002453	host of	EOL:4066460	Limenitis arthemis astyanax	GEONAMES:6255149	North America					Scott, J.A. 1986.  The Butterflies of North America.  Stanford University Press, Stanford, CA
EOL:4400	Salicaceae	RO:0002453	host of	EOL:4066461	Limenitis arthemis arthemis	GEONAMES:6255149	North America					Scott, J.A. 1986.  The Butterflies of North America.  Stanford University Press, Stanford, CA
EOL:6885632	Saliceae	RO:0002453	host of	EOL:163165	Nymphalis antiopa	GEONAMES:6255149	North America					Scott, J.A. 1986.  The Butterflies of North America.  Stanford University Press, Stanford, CA
EOL:32667	Salix	RO:0002453	host of	EOL:156666	Boloria improba acrocnema	GEONAMES:6255149	North America					Scott, J.A. 1986.  The Butterflies of North America.  Stanford University Press, Stanford, CA
EOL:32667	Salix	RO:0002453	host of	EOL:2926158	Satyrium acadica	GEONAMES:6255149	North America					Scott, J.A. 1986.  The Butterflies of North America.  Stanford University Press, Stanford, CA
EOL:32667	Salix	RO:0002453	host of	EOL:4051073	Satyrium sylvinus	GEONAMES:6255149	North America					Scott, J.A. 1986.  The Butterflies of North America.  Stanford University Press, Stanford, CA
EOL:32667	Salix	RO:0002453	host of	EOL:4072959	Boloria improba	GEONAMES:6255149	North America					Scott, J.A. 1986.  The Butterflies of North America.  Stanford University Press, Stanford, CA
EOL:4415	Sapindaceae	RO:0002453	host of	EOL:258098	Chlorostrymon simaethis	GEONAMES:6255149	North America					Scott, J.A. 1986.  The Butterflies of North America.  Stanford University Press, Stanford, CA
EOL:61153	Sapindus	RO:0002453	host of	EOL:261589	Phaeostrymon alcestis	GEONAMES:6255149	North America					Scott, J.A. 1986.  The Butterflies of North America.  Stanford University Press, Stanford, CA
EOL:34618	Sazifraga	RO:0002453	host of	EOL:156584	Boloria astarte	GEONAMES:6255149	North America					Scott, J.A. 1986.  The Butterflies of North America.  Stanford University Press, Stanford, CA
EOL:38931	Schinus	RO:0002453	host of	EOL:10447667	Electrostrymon angelia	GEONAMES:6255149	North America					Scott, J.A. 1986.  The Butterflies of North America.  Stanford University Press, Stanford, CA
EOL:108207	Schizachne	RO:0002453	host of	EOL:958013	Enodia anthedon	GEONAMES:6255149	North America					Scott, J.A. 1986.  The Butterflies of North America.  Stanford University Press, Stanford, CA
EOL:4429	Scrophulariaceae	RO:0002453	host of	EOL:152983	Anartia jatrophae	GEONAMES:6255149	North America					Scott, J.A. 1986.  The Butterflies of North America.  Stanford University Press, Stanford, CA
EOL:4429	Scrophulariaceae	RO:0002453	host of	EOL:162840	Junonia evarete	GEONAMES:6255149	North America					Scott, J.A. 1986.  The Butterflies of North America.  Stanford University Press, Stanford, CA
EOL:4429	Scrophulariaceae	RO:0002453	host of	EOL:163027	Junonia coenia	GEONAMES:6255149	North America					Scott, J.A. 1986.  The Butterflies of North America.  Stanford University Press, Stanford, CA
EOL:4429	Scrophulariaceae	RO:0002453	host of	EOL:2682819	Vanessa virginiensis	GEONAMES:6255149	North America					Scott, J.A. 1986.  The Butterflies of North America.  Stanford University Press, Stanford, CA
EOL:4429	Scrophulariaceae	RO:0002453	host of	EOL:4091007	Chlosyne leanira	GEONAMES:6255149	North America					Scott, J.A. 1986.  The Butterflies of North America.  Stanford University Press, Stanford, CA
EOL:32579	Sedum	RO:0002453	host of	EOL:131951	Parnassius phoebus	GEONAMES:6255149	North America					Scott, J.A. 1986.  The Butterflies of North America.  Stanford University Press, Stanford, CA
EOL:37748	Senecio	RO:0002453	host of	EOL:4105563	Calephelis borealis	GEONAMES:6255149	North America					Scott, J.A. 1986.  The Butterflies of North America.  Stanford University Press, Stanford, CA
EOL:34993	Serenoa	RO:0002453	host of	EOL:178518	Euphyes arpa	GEONAMES:6255149	North America					Scott, J.A. 1986.  The Butterflies of North America.  Stanford University Press, Stanford, CA
EOL:59460	Siphonoglossa	RO:0002453	host of	EOL:154535	Texola elada	GEONAMES:6255149	North America					Scott, J.A. 1986.  The Butterflies of North America.  Stanford University Press, Stanford, CA
EOL:59460	Siphonoglossa	RO:0002453	host of	EOL:158427	Phyciodes vesta	GEONAMES:6255149	North America					Scott, J.A. 1986.  The Butterflies of North America.  Stanford University Press, Stanford, CA
EOL:2532335	Sitanion	RO:0002453	host of	EOL:184696	Hesperia nevada	GEONAMES:6255149	North America					Scott, J.A. 1986.  The Butterflies of North America.  Stanford University Press, Stanford, CA
EOL:590245	Solanum	RO:0002453	host of	EOL:4051792	Arawacus jada	GEONAMES:6255149	North America					Scott, J.A. 1986.  The Butterflies of North America.  Stanford University Press, Stanford, CA
EOL:108215	Sorghastrum	RO:0002453	host of	EOL:2682997	Amblyscirtes hegon	GEONAMES:6255149	North America					Scott, J.A. 1986.  The Butterflies of North America.  Stanford University Press, Stanford, CA
EOL:108216	Sorghum	RO:0002453	host of	EOL:183508	Lerodea eufala	GEONAMES:6255149	North America					Scott, J.A. 1986.  The Butterflies of North America.  Stanford University Press, Stanford, CA
EOL:108216	Sorgum	RO:0002453	host of	EOL:182773	Panoquina sylvicola	GEONAMES:6255149	North America					Scott, J.A. 1986.  The Butterflies of North America.  Stanford University Press, Stanford, CA
EOL:8178	Sparganiaceae	RO:0002453	host of	EOL:163165	Nymphalis antiopa	GEONAMES:6255149	North America					Scott, J.A. 1986.  The Butterflies of North America.  Stanford University Press, Stanford, CA
EOL:108217	Sporobolus	RO:0002453	host of	EOL:182765	Panoquina panoquinoides	GEONAMES:6255149	North America					Scott, J.A. 1986.  The Butterflies of North America.  Stanford University Press, Stanford, CA
EOL:108217	Sporobolus	RO:0002453	host of	EOL:2682857	Panoquina errans	GEONAMES:6255149	North America					Scott, J.A. 1986.  The Butterflies of North America.  Stanford University Press, Stanford, CA
EOL:60119	Stenandrium	RO:0002453	host of	EOL:155299	Chlosyne definita	GEONAMES:6255149	North America					Scott, J.A. 1986.  The Butterflies of North America.  Stanford University Press, Stanford, CA
EOL:108219	Stenotaphrum	RO:0002453	host of	EOL:2683098	Poanes melane	GEONAMES:6255149	North America					Scott, J.A. 1986.  The Butterflies of North America.  Stanford University Press, Stanford, CA
EOL:108053	Stipa	RO:0002453	host of	EOL:184696	Hesperia nevada	GEONAMES:6255149	North America					Scott, J.A. 1986.  The Butterflies of North America.  Stanford University Press, Stanford, CA
EOL:4264	Symplocaceae	RO:0002453	host of	EOL:4051070	Satyrium kingi	GEONAMES:6255149	North America					Scott, J.A. 1986.  The Butterflies of North America.  Stanford University Press, Stanford, CA
EOL:5742948	Tetrastylis	RO:0002453	host of	EOL:158521	Dione moneta	GEONAMES:6255149	North America					Scott, J.A. 1986.  The Butterflies of North America.  Stanford University Press, Stanford, CA
EOL:4321	Tiliaceae	RO:0002453	host of	EOL:163165	Nymphalis antiopa	GEONAMES:6255149	North America					Scott, J.A. 1986.  The Butterflies of North America.  Stanford University Press, Stanford, CA
EOL:32896	Tragia	RO:0002453	host of	EOL:163441	Biblis hyperia	GEONAMES:6255149	North America					Scott, J.A. 1986.  The Butterflies of North America.  Stanford University Press, Stanford, CA
EOL:108858	Tridens	RO:0002453	host of	EOL:184076	Poanes taxiles	GEONAMES:6255149	North America					Scott, J.A. 1986.  The Butterflies of North America.  Stanford University Press, Stanford, CA
EOL:108858	Tridens	RO:0002453	host of	EOL:186997	Pompeius verna	GEONAMES:6255149	North America					Scott, J.A. 1986.  The Butterflies of North America.  Stanford University Press, Stanford, CA
EOL:108858	Tridens	RO:0002453	host of	EOL:218565	Poanes zabulon	GEONAMES:6255149	North America					Scott, J.A. 1986.  The Butterflies of North America.  Stanford University Press, Stanford, CA
EOL:27877	Trifolium	RO:0002453	host of	EOL:250691	Thorybes diversus	GEONAMES:6255149	North America					Scott, J.A. 1986.  The Butterflies of North America.  Stanford University Press, Stanford, CA
EOL:108052	Tripsacum	RO:0002453	host of	EOL:177289	Problema byssus	GEONAMES:6255149	North America					Scott, J.A. 1986.  The Butterflies of North America.  Stanford University Press, Stanford, CA
EOL:4451	Ulmaceae	RO:0002453	host of	EOL:163165	Nymphalis antiopa	GEONAMES:6255149	North America					Scott, J.A. 1986.  The Butterflies of North America.  Stanford University Press, Stanford, CA
EOL:4451	Ulmaceae	RO:0002453	host of	EOL:167607	Asterocampa celtis	GEONAMES:6255149	North America					Scott, J.A. 1986.  The Butterflies of North America.  Stanford University Press, Stanford, CA
EOL:4451	Ulmaceae	RO:0002453	host of	EOL:167611	Asterocampa clyton	GEONAMES:6255149	North America					Scott, J.A. 1986.  The Butterflies of North America.  Stanford University Press, Stanford, CA
EOL:4451	Ulmaceae	RO:0002453	host of	EOL:167624	Asterocampa leilia	GEONAMES:6255149	North America					Scott, J.A. 1986.  The Butterflies of North America.  Stanford University Press, Stanford, CA
EOL:4451	Ulmaceae	RO:0002453	host of	EOL:167836	Doxocopa laure	GEONAMES:6255149	North America					Scott, J.A. 1986.  The Butterflies of North America.  Stanford University Press, Stanford, CA
EOL:4451	Ulmaceae	RO:0002453	host of	EOL:2682812	Nymphalis vaualbum	GEONAMES:6255149	North America					Scott, J.A. 1986.  The Butterflies of North America.  Stanford University Press, Stanford, CA
EOL:4451	Ulmaceae	RO:0002453	host of	EOL:4089704	Adelpha fessonia	GEONAMES:6255149	North America					Scott, J.A. 1986.  The Butterflies of North America.  Stanford University Press, Stanford, CA
EOL:4200	Umbelliferae	RO:0002453	host of	EOL:130892	Papilio indra	GEONAMES:6255149	North America					Scott, J.A. 1986.  The Butterflies of North America.  Stanford University Press, Stanford, CA
EOL:4200	Umbelliferae	RO:0002453	host of	EOL:131355	Papilio polyxenes	GEONAMES:6255149	North America					Scott, J.A. 1986.  The Butterflies of North America.  Stanford University Press, Stanford, CA
EOL:4200	Umbelliferae	RO:0002453	host of	EOL:131924	Papilio zelicaon	GEONAMES:6255149	North America					Scott, J.A. 1986.  The Butterflies of North America.  Stanford University Press, Stanford, CA
EOL:108103	Uniola	RO:0002453	host of	EOL:2682982	Amblyscirtes aenus	GEONAMES:6255149	North America					Scott, J.A. 1986.  The Butterflies of North America.  Stanford University Press, Stanford, CA
EOL:108103	Uniola	RO:0002453	host of	EOL:2682997	Amblyscirtes hegon	GEONAMES:6255149	North America					Scott, J.A. 1986.  The Butterflies of North America.  Stanford University Press, Stanford, CA
EOL:108103	Uniola	RO:0002453	host of	EOL:958013	Enodia anthedon	GEONAMES:6255149	North America					Scott, J.A. 1986.  The Butterflies of North America.  Stanford University Press, Stanford, CA
EOL:4452	Urticaceae	RO:0002453	host of	EOL:154665	Vanessa atalanta	GEONAMES:6255149	North America					Scott, J.A. 1986.  The Butterflies of North America.  Stanford University Press, Stanford, CA
EOL:4452	Urticaceae	RO:0002453	host of	EOL:154983	Nymphalis milberti	GEONAMES:6255149	North America					Scott, J.A. 1986.  The Butterflies of North America.  Stanford University Press, Stanford, CA
EOL:4452	Urticaceae	RO:0002453	host of	EOL:2682819	Vanessa virginiensis	GEONAMES:6255149	North America					Scott, J.A. 1986.  The Butterflies of North America.  Stanford University Press, Stanford, CA
EOL:4452	Urticaceae	RO:0002453	host of	EOL:4069326	Vanessa tameneamea	GEONAMES:6255149	North America					Scott, J.A. 1986.  The Butterflies of North America.  Stanford University Press, Stanford, CA
EOL:4452	Urticaceae	RO:0002453	host of	EOL:4069329	Vanessa annabella	GEONAMES:6255149	North America					Scott, J.A. 1986.  The Butterflies of North America.  Stanford University Press, Stanford, CA
EOL:38372	Vaccinium	RO:0002453	host of	EOL:272739	Vacciniina optilete	GEONAMES:6255149	North America					Scott, J.A. 1986.  The Butterflies of North America.  Stanford University Press, Stanford, CA
EOL:4304	Verbenaceae	RO:0002453	host of	EOL:152983	Anartia jatrophae	GEONAMES:6255149	North America					Scott, J.A. 1986.  The Butterflies of North America.  Stanford University Press, Stanford, CA
EOL:4304	Verbenaceae	RO:0002453	host of	EOL:157257	Junonia genoveva	GEONAMES:6255149	North America					Scott, J.A. 1986.  The Butterflies of North America.  Stanford University Press, Stanford, CA
EOL:4304	Verbenaceae	RO:0002453	host of	EOL:163027	Junonia coenia	GEONAMES:6255149	North America					Scott, J.A. 1986.  The Butterflies of North America.  Stanford University Press, Stanford, CA
EOL:20800	Viola	RO:0002453	host of	EOL:10447747	Boloria kriemhild	GEONAMES:6255149	North America					Scott, J.A. 1986.  The Butterflies of North America.  Stanford University Press, Stanford, CA
EOL:20800	Viola	RO:0002453	host of	EOL:153658	Boloria selene	GEONAMES:6255149	North America					Scott, J.A. 1986.  The Butterflies of North America.  Stanford University Press, Stanford, CA
EOL:20800	Viola	RO:0002453	host of	EOL:155783	Speyeria zerene	GEONAMES:6255149	North America					Scott, J.A. 1986.  The Butterflies of North America.  Stanford University Press, Stanford, CA
EOL:20800	Viola	RO:0002453	host of	EOL:156037	Boloria bellona	GEONAMES:6255149	North America					Scott, J.A. 1986.  The Butterflies of North America.  Stanford University Press, Stanford, CA
EOL:20800	Viola	RO:0002453	host of	EOL:156676	Boloria epithore	GEONAMES:6255149	North America					Scott, J.A. 1986.  The Butterflies of North America.  Stanford University Press, Stanford, CA
EOL:20800	Viola	RO:0002453	host of	EOL:157356	Speyeria coronis	GEONAMES:6255149	North America					Scott, J.A. 1986.  The Butterflies of North America.  Stanford University Press, Stanford, CA
EOL:20800	Viola	RO:0002453	host of	EOL:158353	Speyeria adiaste	GEONAMES:6255149	North America					Scott, J.A. 1986.  The Butterflies of North America.  Stanford University Press, Stanford, CA
EOL:20800	Viola	RO:0002453	host of	EOL:159233	Speyeria idalia	GEONAMES:6255149	North America					Scott, J.A. 1986.  The Butterflies of North America.  Stanford University Press, Stanford, CA
EOL:20800	Viola	RO:0002453	host of	EOL:159590	Speyeria hydaspe	GEONAMES:6255149	North America					Scott, J.A. 1986.  The Butterflies of North America.  Stanford University Press, Stanford, CA
EOL:20800	Viola	RO:0002453	host of	EOL:160555	Speyeria nokomis	GEONAMES:6255149	North America					Scott, J.A. 1986.  The Butterflies of North America.  Stanford University Press, Stanford, CA
EOL:20800	Viola	RO:0002453	host of	EOL:160970	Speyeria atlantis	GEONAMES:6255149	North America					Scott, J.A. 1986.  The Butterflies of North America.  Stanford University Press, Stanford, CA
EOL:20800	Viola	RO:0002453	host of	EOL:161187	Speyeria callippe	GEONAMES:6255149	North America					Scott, J.A. 1986.  The Butterflies of North America.  Stanford University Press, Stanford, CA
EOL:20800	Viola	RO:0002453	host of	EOL:162630	Speyeria edwardsii	GEONAMES:6255149	North America					Scott, J.A. 1986.  The Butterflies of North America.  Stanford University Press, Stanford, CA
EOL:20800	Viola	RO:0002453	host of	EOL:162633	Speyeria egleis	GEONAMES:6255149	North America					Scott, J.A. 1986.  The Butterflies of North America.  Stanford University Press, Stanford, CA
EOL:20800	Viola	RO:0002453	host of	EOL:162978	Speyeria mormonia	GEONAMES:6255149	North America					Scott, J.A. 1986.  The Butterflies of North America.  Stanford University Press, Stanford, CA
EOL:4466	Violaceae	RO:0002453	host of	EOL:158355	Speyeria aphrodite	GEONAMES:6255149	North America					Scott, J.A. 1986.  The Butterflies of North America.  Stanford University Press, Stanford, CA
EOL:4466	Violaceae	RO:0002453	host of	EOL:158803	Speyeria cybele	GEONAMES:6255149	North America					Scott, J.A. 1986.  The Butterflies of North America.  Stanford University Press, Stanford, CA
EOL:4466	Violaceae	RO:0002453	host of	EOL:162627	Speyeria diana	GEONAMES:6255149	North America					Scott, J.A. 1986.  The Butterflies of North America.  Stanford University Press, Stanford, CA
EOL:4407	Viscaceae	RO:0002453	host of	EOL:4051688	Callophrys spinetorum	GEONAMES:6255149	North America					Scott, J.A. 1986.  The Butterflies of North America.  Stanford University Press, Stanford, CA
EOL:4407	Viscaceae	RO:0002453	host of	EOL:4051698	Callophrys johnsoni	GEONAMES:6255149	North America					Scott, J.A. 1986.  The Butterflies of North America.  Stanford University Press, Stanford, CA
EOL:108236	Vulpia	RO:0002453	host of	EOL:184705	Hesperia lindseyi	GEONAMES:6255149	North America					Scott, J.A. 1986.  The Butterflies of North America.  Stanford University Press, Stanford, CA
EOL:33611	Yucca	RO:0002453	host of	EOL:182996	Megathymus ursus	GEONAMES:6255149	North America					Scott, J.A. 1986.  The Butterflies of North America.  Stanford University Press, Stanford, CA
EOL:33611	Yucca	RO:0002453	host of	EOL:185463	Megathymus streckeri	GEONAMES:6255149	North America					Scott, J.A. 1986.  The Butterflies of North America.  Stanford University Press, Stanford, CA
EOL:33611	Yucca	RO:0002453	host of	EOL:185923	Megathymus cofaqui	GEONAMES:6255149	North America					Scott, J.A. 1986.  The Butterflies of North America.  Stanford University Press, Stanford, CA
EOL:30048	Zamia	RO:0002453	host of	EOL:264032	Eumaeus atala	GEONAMES:6255149	North America					Scott, J.A. 1986.  The Butterflies of North America.  Stanford University Press, Stanford, CA
EOL:38359	Zanthoxylum	RO:0002453	host of	EOL:163472	Eunica monima	GEONAMES:6255149	North America					Scott, J.A. 1986.  The Butterflies of North America.  Stanford University Press, Stanford, CA
EOL:108049	Zea	RO:0002453	host of	EOL:185980	Nyctelius nyctelius	GEONAMES:6255149	North America					Scott, J.A. 1986.  The Butterflies of North America.  Stanford University Press, Stanford, CA
EOL:108105	Zizaniopis	RO:0002453	host of	EOL:177288	Problema bulenta	GEONAMES:6255149	North America					Scott, J.A. 1986.  The Butterflies of North America.  Stanford University Press, Stanford, CA
